Trip_Distance_km,Passenger_Count,Base_Fare,Per_Km_Rate,Per_Minute_Rate,Trip_Duration_Minutes,Trip_Price,Time_of_Day_Afternoon,Time_of_Day_Evening,Time_of_Day_Morning,Time_of_Day_Night,Day_of_Week_Weekday,Day_of_Week_Weekend,Traffic_Conditions_High,Traffic_Conditions_Low,Traffic_Conditions_Medium,Weather_Clear,Weather_Rain,Weather_Snow
19.35,3,3.56,0.8,0.32,53.82,36.2624,0,0,1,0,1,0,0,1,0,1,0,0
36.87,1,2.7,1.21,0.15,37.27,52.9032,0,1,0,0,0,1,1,0,0,1,0,0
30.33,4,3.48,0.51,0.15,116.81,36.4698,0,1,0,0,1,0,0,1,0,1,0,0
8.64,2,2.55,1.71,0.48,89.33,60.2028,1,0,0,0,0,1,0,0,1,1,0,0
3.85,4,3.51,1.66,0.29,5.05,11.2645,1,0,0,0,1,0,1,0,0,0,1,0
43.44,3,2.97,1.87,0.23,61.945,101.1216,0,1,0,0,0,1,0,1,0,1,0,0
35.7,2,3.39,1.52,0.47,61.945,75.5657,1,0,0,0,1,0,0,1,0,0,1,0
41.79,3,4.6,1.77,0.11,86.95,88.13279999999999,0,0,0,1,0,1,1,0,0,1,0,0
11.4,3,4.12,1.22,0.15,84.12,36.118,0,0,1,0,1,0,0,1,0,1,0,0
9.91,2,2.32,1.26,0.34,41.72,28.9914,0,1,0,0,1,0,1,0,0,1,0,0
9.99,4,4.33,0.85,0.43,34,27.4415,0,0,0,1,1,0,1,0,0,1,0,0
15.91,4,4.42,1.77,0.21,114.93,56.716,0,0,1,0,1,0,0,1,0,1,0,0
26.71,4,4.3,1.59,0.2,111.18,69.0049,1,0,0,0,0,1,0,1,0,0,1,0
22.17,4,2.34,1.97,0.41,57.59,69.6268,0,0,0,1,1,0,0,1,0,1,0,0
15.27,2,3.93,0.73,0.12,61.945,27.3543,0,0,1,0,1,0,0,1,0,1,0,0
30.98,1,4.5,0.84,0.25,57.02,44.7782,1,0,0,0,0,1,0,1,0,0,1,0
7.84,4,3.73,0.82,0.3,53.8,26.2988,0,0,1,0,1,0,0,0,1,1,0,0
105.94355003672597,2,3.94,1.69,0.32,23.03,201.869509186128,0,0,0,1,0,1,0,1,0,0,1,0
18.95,1,3.38,0.78,0.39,54.04,39.2366,0,0,0,1,1,0,0,1,0,1,0,0
23.35,3,3.59,0.6,0.24,66.8,33.632000000000005,0,0,0,1,1,0,0,1,0,0,1,0
39.47,1,3.53,1.22,0.35,7.59,83.69649999999999,1,0,0,0,1,0,0,1,0,1,0,0
10.78,3,3.92,0.54,0.33,56.07,28.2443,0,1,0,0,1,0,1,0,0,0,1,0
138.09832791310237,4,2.24,1.75,0.32,94.86,280.87730155406564,0,1,0,0,0,1,0,0,1,0,1,0
30.03,1,3.31,1.05,0.36,83.21,64.7971,1,0,0,0,1,0,1,0,0,1,0,0
3.28,2,2.88,1.76,0.2,78.04,24.260800000000003,0,1,0,0,1,0,0,0,1,1,0,0
30.77,1,3.64,1.33,0.13,109.6,58.8121,0,0,1,0,1,0,0,1,0,1,0,0
9.36,1,2.4,1.85,0.15,7.07,20.7765,1,0,0,0,1,0,0,0,1,1,0,0
47.5,2,4.39,0.51,0.3,95.55,57.28,0,0,1,0,0,1,0,1,0,1,0,0
48.32,2,2.49,0.61,0.44,67.25,61.5552,0,0,1,0,1,0,0,1,0,1,0,0
40.61,1,2.31,0.88,0.38,42.25,54.1018,1,0,0,0,1,0,0,1,0,1,0,0
15.93,2,2.44,1.5,0.42,20.67,35.016400000000004,1,0,0,0,1,0,0,1,0,1,0,0
5.79,4,4.63,1.83,0.24,107.07,40.9225,0,1,0,0,1,0,0,1,0,1,0,0
34.53,3,3.58,1.22,0.26,59.14,60.0471,0,0,1,0,1,0,0,0,1,1,0,0
22.57,1,3.4,1.41,0.29,105.98,62.77850000000001,1,0,0,0,1,0,0,1,0,1,0,0
6.98,2,2.32,0.78,0.18,72.37,20.791,1,0,0,0,0,1,0,1,0,1,0,0
25.26,2,3.95,1.71,0.12,82.53,57.0482,0,1,0,0,1,0,1,0,0,1,0,0
2.69,4,4.6,1.95,0.34,97.49,42.9921,1,0,0,0,1,0,0,1,0,1,0,0
45.56,2,3.53,0.9,0.5,80.8,85.88400000000001,1,0,0,0,1,0,0,1,0,1,0,0
13.68,3,3.88,1.22,0.17,50.78,29.4758,0,1,0,0,0,1,1,0,0,1,0,0
33.46,2,2.23,0.63,0.12,64.07,30.9982,1,0,0,0,0,1,0,1,0,0,1,0
16.27,1,2.34,1.22,0.41,97.35,64.05529999999999,0,0,1,0,1,0,0,1,0,1,0,0
26.48,3,2.15,1.25,0.2,47.97,44.844,0,0,1,0,0,1,0,0,1,1,0,0
27.79,2,2.77,0.72,0.43,49.63,44.1197,0,1,0,0,1,0,0,1,0,1,0,0
10.06,2,2.41,1.16,0.38,16,20.1596,0,0,1,0,1,0,0,0,1,0,1,0
48.51,3,3.53,1,0.48,110.18,104.1764,0,1,0,0,1,0,1,0,0,0,1,0
38.98,3,3.16,1.28,0.26,15.47,57.0766,1,0,0,0,1,0,0,1,0,1,0,0
47.04,4,4.83,1.38,0.36,79.54,98.3796,0,0,0,1,1,0,0,0,1,1,0,0
44.85,1,3.83,0.51,0.29,52.52,41.9343,0,1,0,0,0,1,0,0,1,0,1,0
30.3,1,4.5,1.64,0.35,51.65,72.2695,0,0,0,1,0,1,0,1,0,1,0,0
46.17,4,4.13,1.57,0.28,83.15,99.8989,1,0,0,0,1,0,0,0,1,1,0,0
5.34,2,2.34,1.22,0.18,12.72,10.2366,1,0,0,0,1,0,0,1,0,1,0,0
10.6,3,4.21,1.22,0.3,73.28,32.342,1,0,0,0,1,0,0,0,1,1,0,0
3.22,3,2.83,1.63,0.31,93.78,37.1504,1,0,0,0,1,0,0,1,0,0,1,0
16.94,3,3.92,1.93,0.42,100.24,78.715,1,0,0,0,1,0,0,0,1,0,0,1
20.05,2,3.02,0.86,0.39,24.61,29.8609,0,1,0,0,1,0,0,1,0,1,0,0
14.3,3,4.99,0.99,0.37,108.2,59.181,0,0,0,1,1,0,1,0,0,1,0,0
41.61,3,2.79,0.78,0.15,61.945,47.314800000000005,0,1,0,0,0,1,0,1,0,0,1,0
18.48,4,2.84,1.37,0.39,106.41,69.6575,1,0,0,0,1,0,0,0,1,1,0,0
146.0670471598387,2,4.79,0.73,0.3,60.81,320.958663578238,1,0,0,0,1,0,0,0,1,1,0,0
27.59,1,2.07,1.03,0.46,67.33,61.459500000000006,0,1,0,0,0,1,0,0,1,0,1,0
7.91,4,4.09,1.55,0.47,110.69,68.3748,0,0,1,0,1,0,0,0,1,1,0,0
40.31,4,4.18,1.34,0.12,108.49,71.2142,0,0,1,0,1,0,0,0,1,1,0,0
4.65,1,4.51,1.08,0.43,56.54,33.8442,1,0,0,0,1,0,0,0,1,1,0,0
49.36,4,4.92,1.13,0.12,36.56,65.084,0,0,1,0,1,0,1,0,0,0,1,0
38.84,2,4.93,1.34,0.25,50.21,69.52810000000001,0,0,1,0,0,1,0,1,0,1,0,0
10.74,3,2.2,0.51,0.32,49.59,23.5462,0,0,1,0,1,0,0,0,1,1,0,0
1.27,2,4.47,0.62,0.16,37.99,11.3358,0,0,1,0,1,0,1,0,0,1,0,0
40.96,1,3.94,1.82,0.4,35.89,92.8432,0,0,1,0,0,1,1,0,0,1,0,0
35.64,1,3.94,0.62,0.1,104.02,36.4388,0,0,0,1,0,1,1,0,0,0,1,0
36.72,2,2.39,1.56,0.17,13.03,61.8883,1,0,0,0,0,1,0,1,0,1,0,0
38.79,2,3.95,1.88,0.33,82.93,104.2421,1,0,0,0,1,0,0,1,0,1,0,0
4.63,2,4.95,0.91,0.39,24.87,18.8626,1,0,0,0,1,0,0,0,1,1,0,0
18.56,1,4.74,1.22,0.47,44.62,45.385000000000005,0,0,1,0,0,1,0,0,1,0,0,1
6.68,2,3.32,1.35,0.38,12.08,16.9284,0,0,0,1,0,1,0,0,1,1,0,0
43.29,1,2.12,1.82,0.37,36.05,94.2463,0,1,0,0,1,0,0,0,1,0,1,0
31.54,2,3.09,1.91,0.26,93.37,87.6076,0,0,1,0,1,0,1,0,0,1,0,0
17.21,2,4.48,1.61,0.1,106.78,42.8661,1,0,0,0,1,0,0,1,0,0,1,0
4.11,2,4.1,0.63,0.15,30.48,11.2613,0,1,0,0,0,1,1,0,0,0,1,0
16.93,4,2.17,1.12,0.37,59.09,42.9949,1,0,0,0,1,0,0,1,0,0,0,1
36.75,2,3.28,1.21,0.27,105.46,76.2217,1,0,0,0,1,0,0,0,1,1,0,0
44.47,1,4.79,0.79,0.31,64,59.761300000000006,0,0,0,1,0,1,0,1,0,1,0,0
24.14,2,3.92,1.69,0.29,82.14,55.3948,0,0,1,0,1,0,0,1,0,1,0,0
6.86,2,2.93,1.18,0.18,102.45,29.4658,0,0,0,1,0,1,1,0,0,1,0,0
35.95,4,3.58,0.95,0.44,6.1,40.4165,1,0,0,0,0,1,0,1,0,1,0,0
38.28,1,3.53,1.08,0.39,51.33,63.56110000000001,1,0,0,0,1,0,0,0,1,1,0,0
28.5,1,4.92,1.78,0.46,109.33,105.9418,1,0,0,0,1,0,0,0,1,1,0,0
26.61,4,3.07,0.68,0.18,65.91,33.0286,0,0,1,0,1,0,0,1,0,0,1,0
21.95,3,4.05,0.88,0.1,44.99,27.865,0,0,1,0,1,0,0,0,1,1,0,0
2.25,3,3.99,1.88,0.5,61.945,40.65,0,1,0,0,0,1,0,1,0,1,0,0
6.29,3,4.15,1.37,0.21,80.37,29.645000000000003,1,0,0,0,1,0,0,1,0,1,0,0
2.54,2,2.8,1.3,0.37,53.11,25.7527,0,0,1,0,0,1,0,1,0,1,0,0
32.18,2,2.95,1.39,0.17,87.13,62.4923,0,0,0,1,1,0,0,0,1,0,1,0
16.4,1,2.38,1.05,0.33,104.04,53.9332,0,1,0,0,1,0,0,1,0,0,1,0
25.92,3,3.97,1.71,0.46,22.79,58.7766,0,0,0,1,1,0,0,1,0,1,0,0
45.47,4,2.12,1.28,0.23,56.93,73.4155,0,0,0,1,0,1,0,1,0,0,1,0
13.22,2,3.79,0.68,0.37,51.92,31.99,0,0,1,0,1,0,0,1,0,0,1,0
21.11,4,4.61,0.69,0.18,84.06,34.3067,1,0,0,0,0,1,1,0,0,0,1,0
38.02,4,3.53,1.31,0.35,33.73,66.2817,0,1,0,0,1,0,0,1,0,1,0,0
112.8309582902826,2,3.35,1.9,0.23,78.63,233.00828520738887,1,0,0,0,1,0,1,0,0,0,0,1
102.74755620694734,2,2.23,1.8,0.23,53.09,274.53508679715014,0,1,0,0,1,0,0,0,1,1,0,0
46.56,3,4.46,0.87,0.46,119.21,99.8038,0,0,1,0,1,0,0,1,0,1,0,0
40.6,3,2.73,0.55,0.26,17.2,29.532000000000004,1,0,0,0,0,1,0,0,1,1,0,0
32.04,3,3.26,0.65,0.2,31.8,30.446,1,0,0,0,1,0,0,1,0,1,0,0
43.7,3,4.52,1.59,0.28,114.29,106.0042,1,0,0,0,1,0,0,1,0,1,0,0
40.38,1,3.53,0.8,0.23,115.21,63.432300000000005,0,0,1,0,1,0,0,0,1,0,1,0
10.14,3,2.73,1.06,0.4,16.24,19.974400000000003,0,1,0,0,1,0,1,0,0,0,1,0
44.74,2,3.65,1.25,0.49,6.72,62.8678,1,0,0,0,1,0,0,0,1,1,0,0
27.43,4,2.58,1.59,0.28,23.53,52.7821,0,0,1,0,0,1,0,1,0,0,1,0
40.56,3,2.31,0.67,0.44,119.54,82.0828,0,1,0,0,0,1,0,0,1,0,1,0
44.91,1,4.73,1.11,0.33,25.7,63.0611,0,0,0,1,1,0,0,1,0,0,1,0
6.39,4,4.28,1.31,0.38,102.57,51.6275,0,1,0,0,1,0,1,0,0,1,0,0
12.17,4,2.15,1.73,0.31,7.35,25.4826,1,0,0,0,0,1,0,1,0,0,1,0
21.93,3,4.53,0.76,0.29,74.52,48.024,1,0,0,0,1,0,0,1,0,1,0,0
41.08,4,3.31,1.71,0.46,36.86,90.5124,0,0,1,0,1,0,0,1,0,1,0,0
43.18,3,3.03,1.54,0.29,104.17,98.6948,1,0,0,0,1,0,1,0,0,1,0,0
1.34,3,3.64,1.33,0.46,37.6,22.718200000000003,1,0,0,0,0,1,0,0,1,1,0,0
26.03,2,2.27,1.55,0.4,83.98,76.20850000000002,0,0,1,0,1,0,0,0,1,1,0,0
21.45,2,4.27,1.12,0.3,82.54,53.056,0,1,0,0,1,0,0,0,1,1,0,0
11.88,1,3.75,0.71,0.34,30.47,22.544600000000003,1,0,0,0,1,0,0,1,0,1,0,0
6.87,2,2.56,1.5,0.23,9,14.935,0,0,1,0,1,0,0,0,1,0,1,0
17.54,2,2.56,1.29,0.49,52.06,50.696,0,0,1,0,1,0,0,1,0,0,1,0
16.84,2,2.17,1.01,0.12,98.03,30.942000000000004,0,0,1,0,0,1,0,0,1,0,0,1
26.42,3,3.76,1.86,0.23,97.04,75.22040000000001,0,1,0,0,1,0,1,0,0,1,0,0
18.82,2,2.05,0.63,0.12,74.75,22.8766,1,0,0,0,1,0,0,1,0,0,1,0
48.62,1,2.15,1.17,0.11,74.49,67.2293,1,0,0,0,0,1,0,1,0,0,1,0
48.16,1,3.72,1.63,0.28,100.12,110.2544,1,0,0,0,0,1,0,1,0,0,1,0
109.61608204688008,4,4.46,1.69,0.23,53.88,327.21766546350466,1,0,0,0,1,0,1,0,0,1,0,0
15.74,2,3.05,1.84,0.21,35.48,39.4624,1,0,0,0,1,0,0,1,0,1,0,0
14.96,1,3.79,0.9,0.17,66.66,28.5862,0,0,1,0,1,0,0,0,1,0,1,0
2.81,3,2.82,1.12,0.38,56.65,27.4942,0,1,0,0,0,1,0,1,0,0,1,0
30.87,4,2.08,1.85,0.31,55.61,76.4286,0,1,0,0,1,0,0,0,1,1,0,0
25.63,3,4.21,1.22,0.18,15.48,54.1556,1,0,0,0,1,0,0,0,1,1,0,0
3.52,4,3.88,1.53,0.23,87.64,29.4228,0,1,0,0,1,0,0,0,1,0,1,0
14.65,2,3.74,1.79,0.29,29.58,40.020700000000005,0,1,0,0,0,1,1,0,0,1,0,0
45.51,1,4.23,0.63,0.13,27.65,36.4958,0,1,0,0,1,0,0,0,1,1,0,0
12.74,4,4.03,1.8,0.16,52.47,35.357200000000006,0,1,0,0,1,0,0,1,0,0,1,0
8.1,1,2.62,0.98,0.13,31.19,14.6127,1,0,0,0,0,1,1,0,0,1,0,0
24.98,3,3.06,0.77,0.42,72.14,52.5934,1,0,0,0,0,1,0,1,0,0,1,0
49.3,2,2.38,0.86,0.4,47.72,63.866,1,0,0,0,1,0,0,1,0,1,0,0
12.86,1,2.39,1.13,0.4,56.62,39.5698,0,1,0,0,1,0,0,1,0,1,0,0
33.93,2,3.53,0.88,0.39,66.77,59.92869999999999,0,0,1,0,1,0,0,1,0,0,1,0
38.32,1,4.58,0.98,0.37,28.41,52.6453,0,1,0,0,1,0,0,0,1,1,0,0
12.64,3,3.53,0.7,0.29,22.91,20.3819,0,1,0,0,1,0,0,0,1,1,0,0
36.68,3,3.89,0.94,0.36,106.25,76.6192,1,0,0,0,0,1,1,0,0,0,1,0
19.02,2,2.55,1.36,0.12,54.88,35.0028,0,1,0,0,1,0,0,0,1,1,0,0
31.98,3,2.32,1.16,0.35,52.39,57.7533,0,0,1,0,1,0,0,0,1,1,0,0
32.04,4,4.44,1.02,0.41,9.1,40.8518,1,0,0,0,1,0,0,1,0,1,0,0
27.25,1,3.74,1.62,0.3,61.945,66.566,0,1,0,0,0,1,0,1,0,0,1,0
5.42,3,3.85,1.84,0.24,68.73,30.318,0,0,1,0,1,0,0,0,1,0,1,0
41.93,4,4.34,1.64,0.21,69.27,87.6519,0,1,0,0,0,1,0,0,1,0,1,0
3,2,2.17,0.73,0.45,34.01,19.6645,0,0,1,0,1,0,0,1,0,1,0,0
29.95,2,4.24,0.7,0.24,98.23,48.7802,0,0,1,0,1,0,0,0,1,1,0,0
34.2,1,4.55,1.02,0.41,113.92,86.1412,1,0,0,0,1,0,0,1,0,1,0,0
1.81,1,2.86,1.71,0.32,20.63,12.5567,0,0,0,1,1,0,0,1,0,0,1,0
26.09,4,3.92,0.87,0.45,62.23,54.62179999999999,1,0,0,0,1,0,0,0,1,0,1,0
12.1,2,3.53,0.59,0.31,61.945,19.2643,0,0,1,0,0,1,0,1,0,1,0,0
32.61,1,3.53,0.7,0.31,11.91,31.3891,1,0,0,0,1,0,0,0,1,1,0,0
9.54,1,2.1,1.79,0.33,42.43,33.1785,1,0,0,0,0,1,0,1,0,0,1,0
34.86,4,3.74,1.45,0.4,21.52,62.895,0,1,0,0,1,0,0,1,0,1,0,0
7.74,1,3.53,1.29,0.12,21.54,15.0994,1,0,0,0,1,0,0,1,0,1,0,0
17.71,4,2.71,1.48,0.48,6.06,31.829600000000003,0,0,0,1,1,0,0,0,1,1,0,0
6.56,3,3.48,0.85,0.31,97.94,39.4174,1,0,0,0,1,0,0,1,0,1,0,0
46.31,1,4.74,1.8,0.35,61.945,96.939,1,0,0,0,1,0,0,0,1,0,1,0
43.99,2,2.64,0.96,0.29,74.71,66.5363,0,0,0,1,1,0,0,1,0,1,0,0
13.64,4,2.43,1.54,0.14,43.75,29.5606,0,0,1,0,1,0,0,0,1,0,1,0
33.34,1,4.28,0.52,0.41,72.33,51.2721,0,0,0,1,0,1,0,0,1,1,0,0
41.04,1,3.5,1.06,0.4,41.3,63.522400000000005,1,0,0,0,0,1,1,0,0,1,0,0
28.2,2,4.74,1.03,0.22,15,37.086,0,0,1,0,0,1,0,1,0,1,0,0
26.95,2,2.44,1.32,0.22,61.945,44.7548,1,0,0,0,0,1,0,1,0,1,0,0
12.85,4,3.94,0.61,0.29,26.63,23.4957,0,1,0,0,1,0,0,1,0,0,0,1
5.56,4,3.53,1.69,0.13,54.22,19.145,0,0,1,0,1,0,1,0,0,1,0,0
45.12,4,3.53,1.52,0.2,35.34,79.70039999999999,1,0,0,0,1,0,0,0,1,1,0,0
32.02,2,3.78,1.7,0.34,6.39,60.38660000000001,1,0,0,0,1,0,0,1,0,1,0,0
17.61,1,4.26,1.34,0.47,64.68,58.257000000000005,0,0,1,0,1,0,0,1,0,1,0,0
18.11,2,2.93,1.61,0.37,74.66,59.7113,0,1,0,0,1,0,0,1,0,0,1,0
44.47,2,4.95,1.71,0.24,59.18,95.1969,0,1,0,0,1,0,1,0,0,1,0,0
39.21,2,2.88,0.94,0.21,70.94,54.6348,0,0,1,0,1,0,0,1,0,0,0,1
32.46,3,2.88,1.36,0.5,111.71,102.8806,0,1,0,0,0,1,0,1,0,1,0,0
5.12,4,3.53,1.62,0.4,61.945,51.45840000000001,0,0,1,0,1,0,0,0,1,1,0,0
8.92,3,3.69,1.07,0.36,42.14,28.4048,0,0,1,0,1,0,0,1,0,1,0,0
45.03,1,2.76,0.95,0.24,32.28,53.2857,1,0,0,0,1,0,1,0,0,1,0,0
30.72,3,4.75,1.19,0.12,35.2,45.5308,1,0,0,0,0,1,0,1,0,1,0,0
1.45,1,2.8,1.73,0.29,63.01,12.2396,0,1,0,0,0,1,1,0,0,1,0,0
5.97,4,4.69,1.89,0.32,90.57,44.95569999999999,1,0,0,0,1,0,0,0,1,0,1,0
1.25,3,3.97,1.49,0.31,12.8,9.8005,1,0,0,0,1,0,0,1,0,0,1,0
8.88,4,4.72,1.85,0.44,88.21,59.96039999999999,0,0,0,1,0,1,1,0,0,1,0,0
27.89,1,2.51,0.65,0.11,97.69,31.3844,1,0,0,0,0,1,0,1,0,1,0,0
34.9,3,4.9,0.85,0.25,38.29,44.1375,1,0,0,0,0,1,0,0,1,1,0,0
11.99,2,4.84,1.74,0.28,54.06,40.839400000000005,0,1,0,0,0,1,0,0,1,0,1,0
12.63,3,2.9,1.12,0.48,102.2,66.10159999999999,0,0,1,0,1,0,0,1,0,1,0,0
16.94,4,2.56,0.63,0.19,65.42,25.662,0,0,1,0,0,1,0,1,0,1,0,0
37.58,4,2.91,1.16,0.47,84.52,86.22719999999998,1,0,0,0,1,0,0,1,0,0,0,1
32.83,1,3.53,0.85,0.27,106.59,58.9648,1,0,0,0,0,1,0,0,1,1,0,0
42.61,3,2.43,0.94,0.49,62.01,72.86829999999999,0,0,1,0,1,0,0,1,0,0,1,0
33.22,1,2.31,1.66,0.32,41.02,70.5816,0,0,0,1,0,1,0,1,0,1,0,0
28.85,1,3.27,0.61,0.47,91.67,63.9534,0,0,1,0,1,0,1,0,0,1,0,0
5.59,2,4.39,1.22,0.1,30.31,17.147599999999997,1,0,0,0,1,0,1,0,0,1,0,0
19.02,2,2.42,1.14,0.4,49.68,43.9748,0,0,0,1,1,0,0,1,0,1,0,0
13.99,4,2.39,1.39,0.46,104.56,69.9337,1,0,0,0,1,0,0,1,0,1,0,0
130.80900130744172,1,3.93,0.63,0.16,88.31,328.8717691378544,1,0,0,0,1,0,1,0,0,1,0,0
48.68,4,2.59,1.01,0.14,51.44,58.9584,1,0,0,0,1,0,0,1,0,0,1,0
20.26,3,2.29,0.63,0.27,29.7,23.0728,0,0,1,0,1,0,0,1,0,0,1,0
31.93,1,4.77,1.71,0.32,37.67,71.4247,1,0,0,0,1,0,0,0,1,1,0,0
39.95,3,4.46,1.19,0.31,25.25,59.828,0,1,0,0,0,1,0,1,0,1,0,0
25.63,3,3.06,0.84,0.16,61.945,39.066,0,0,1,0,1,0,1,0,0,1,0,0
29.27,4,3.97,1.9,0.1,33.99,62.982,0,0,1,0,0,1,0,0,1,0,1,0
25.13,4,3.61,1.02,0.42,57.23,53.2792,0,0,1,0,0,1,0,0,1,0,1,0
36.4,4,4.05,1.34,0.29,117.94,94.105,1,0,0,0,1,0,0,0,1,1,0,0
14.76,3,3.89,1.92,0.47,49.98,55.71979999999999,0,1,0,0,0,1,0,0,1,1,0,0
2.19,1,2.8,0.51,0.18,14.2,6.472899999999999,1,0,0,0,1,0,0,0,1,1,0,0
32.63,1,2.12,0.86,0.37,15.33,35.8539,0,0,0,1,1,0,0,0,1,1,0,0
9.68,2,3.37,1.91,0.13,72.94,31.341,0,0,1,0,1,0,0,0,1,1,0,0
47.08,1,4.67,0.76,0.34,73.93,65.587,0,1,0,0,0,1,1,0,0,0,1,0
47.74,3,3.71,0.67,0.17,53.16,44.733,0,1,0,0,1,0,1,0,0,1,0,0
45.83,4,4.5,1.36,0.39,54.66,88.1462,0,1,0,0,1,0,0,0,1,1,0,0
19.14,2,4.97,1.79,0.22,11.2,41.6946,0,1,0,0,0,1,0,1,0,0,0,1
1.76,2,2.49,1.22,0.29,64.4,23.3132,0,1,0,0,0,1,0,1,0,1,0,0
46.49,3,4.08,1.99,0.34,63.05,118.0321,1,0,0,0,1,0,0,1,0,1,0,0
21.98,1,4.02,1.52,0.17,22.2,41.2036,0,0,1,0,1,0,0,0,1,1,0,0
48.37,2,4.94,0.61,0.4,61.945,41.2217,0,0,1,0,0,1,0,0,1,1,0,0
48.22,3,4.96,1.99,0.22,19.21,105.144,0,0,0,1,1,0,0,0,1,1,0,0
42.8,2,4.06,1.11,0.36,16.62,57.55120000000001,1,0,0,0,1,0,1,0,0,0,1,0
15.43,2,2.73,0.93,0.16,75.12,29.0991,0,1,0,0,1,0,1,0,0,1,0,0
19.87,1,4.4,1.34,0.38,27.6,41.5138,1,0,0,0,0,1,1,0,0,1,0,0
42.71,3,2.32,1.22,0.15,33.91,48.4081,0,0,1,0,1,0,0,1,0,1,0,0
16.53,4,4.34,0.63,0.27,24.96,21.4931,0,0,1,0,0,1,0,0,1,1,0,0
9.31,2,4.73,0.5,0.2,115.15,32.415000000000006,1,0,0,0,0,1,0,1,0,0,1,0
28.28,2,3.15,1.17,0.4,103.28,77.5496,1,0,0,0,1,0,0,1,0,0,1,0
46.87,4,3.89,1.76,0.2,31.51,92.6832,0,0,1,0,1,0,0,1,0,1,0,0
35.11,3,3.29,1.36,0.45,42.67,70.2411,1,0,0,0,1,0,0,1,0,0,1,0
28.93,2,3.31,2,0.46,29.14,74.5744,0,0,1,0,1,0,0,0,1,1,0,0
5.76,2,2.93,0.93,0.18,61.57,19.3694,1,0,0,0,1,0,1,0,0,0,0,1
31.14,2,4.29,0.92,0.35,7.26,35.4798,1,0,0,0,0,1,0,1,0,1,0,0
37.3,3,4.21,1.86,0.35,97.47,107.7025,0,0,1,0,1,0,0,1,0,0,0,1
35.15,1,2.76,1.22,0.21,96.08,91.8308,1,0,0,0,1,0,0,0,1,0,1,0
116.196063616616,4,2.2,0.85,0.25,19.63,206.6995696997688,1,0,0,0,0,1,0,0,1,1,0,0
139.06223019422194,2,2.8,1.82,0.14,50.83,276.84059674137075,1,0,0,0,1,0,0,1,0,0,1,0
40.66,2,3.9,0.67,0.3,34.29,41.4292,1,0,0,0,1,0,0,0,1,1,0,0
40.7,2,4.16,1.81,0.38,35.27,91.2296,0,1,0,0,1,0,0,1,0,1,0,0
43.49,1,2.77,1.45,0.2,68.97,79.6245,0,1,0,0,1,0,0,1,0,1,0,0
45.75,3,4.16,0.75,0.23,52.31,50.5038,0,0,1,0,1,0,0,0,1,0,1,0
40.12,2,3.88,1.61,0.24,116.97,96.546,0,0,1,0,0,1,1,0,0,1,0,0
32.85,4,2.44,1.18,0.42,31.52,54.4414,0,0,0,1,1,0,0,0,1,1,0,0
35.4,3,4.47,1.98,0.46,93.88,117.7468,0,0,1,0,1,0,0,1,0,1,0,0
39.99,2,2.71,0.58,0.31,43.98,39.538,1,0,0,0,1,0,1,0,0,1,0,0
44.61,2,3.96,1.03,0.28,21.45,55.9143,1,0,0,0,1,0,0,1,0,1,0,0
17.56,1,3.22,1.22,0.11,103.66,36.0458,0,1,0,0,1,0,0,1,0,1,0,0
5.61,1,2.32,0.97,0.11,61.945,16.6464,1,0,0,0,1,0,1,0,0,1,0,0
29.34,2,2.05,1.59,0.48,70.14,82.3678,1,0,0,0,1,0,1,0,0,1,0,0
23.81,1,2.81,1.91,0.24,62.02,63.1719,0,0,1,0,0,1,0,0,1,0,1,0
100.38042000901908,3,4.46,1.22,0.29,89.21,329.9130039401465,1,0,0,0,1,0,0,0,1,0,1,0
15.04,1,5,1.78,0.11,15.09,33.4311,0,0,1,0,1,0,0,1,0,1,0,0
29.95,4,2.63,1.33,0.33,81.84,69.47070000000001,0,0,1,0,1,0,1,0,0,1,0,0
2.49,2,2.8,1.74,0.32,108.02,41.699,1,0,0,0,1,0,0,1,0,1,0,0
2.83,1,3.99,0.96,0.19,11.65,8.920300000000001,0,0,1,0,1,0,0,1,0,0,0,1
41.31,2,4.9,1.1,0.29,21.18,56.05960000000001,1,0,0,0,1,0,0,0,1,1,0,0
18.65,1,4.75,0.98,0.36,87.41,54.49459999999999,1,0,0,0,1,0,0,0,1,1,0,0
7.23,1,3.51,1.2,0.39,55.29,33.7491,0,1,0,0,1,0,0,1,0,1,0,0
26.59,2,4.39,0.93,0.1,51.41,34.2597,0,0,1,0,1,0,0,0,1,1,0,0
38.73,2,2.41,1.94,0.47,20.75,87.29869999999998,0,0,1,0,1,0,0,0,1,1,0,0
11.58,3,4.93,0.97,0.17,63.28,26.9202,0,0,1,0,1,0,0,1,0,0,1,0
31.52,1,4.89,0.65,0.19,19.55,29.0925,1,0,0,0,1,0,0,1,0,1,0,0
5.18,2,2.49,1.29,0.21,59.81,21.7323,0,1,0,0,1,0,0,0,1,1,0,0
3.53,1,2.9,0.59,0.12,92.82,16.1211,0,0,1,0,0,1,0,1,0,1,0,0
27.04,2,2.3,0.67,0.15,61.945,25.6218,0,0,0,1,1,0,1,0,0,1,0,0
145.74705994904548,3,2.82,0.83,0.49,60.29,325.0989498083767,0,0,1,0,1,0,1,0,0,0,1,0
32.23,3,4.45,1.2,0.23,119.08,70.5144,1,0,0,0,1,0,1,0,0,1,0,0
36.58,4,3.13,1.15,0.15,83.96,57.791,0,1,0,0,0,1,0,1,0,0,1,0
48.82,2,2.27,1.7,0.14,101.76,99.5104,0,1,0,0,1,0,1,0,0,1,0,0
26.3,2,3.03,1.61,0.39,52.71,65.9299,0,1,0,0,1,0,0,0,1,1,0,0
16.82,4,4.94,1.14,0.44,93.3,65.1668,0,1,0,0,1,0,0,1,0,0,0,1
39.96,4,3.89,1,0.2,9.66,45.782,1,0,0,0,1,0,0,1,0,1,0,0
14.27,2,3.25,0.97,0.11,19.13,19.1962,0,1,0,0,1,0,0,1,0,0,1,0
22.51,4,2.5,1.66,0.19,28.35,45.2531,0,0,1,0,1,0,0,1,0,1,0,0
4.84,3,4.96,0.58,0.12,51.22,13.9136,0,1,0,0,1,0,0,0,1,0,1,0
2.24,1,4.46,0.52,0.14,102.26,19.9412,1,0,0,0,1,0,0,1,0,1,0,0
48.17,3,3.53,1.69,0.27,44.82,96.3487,0,1,0,0,0,1,0,0,1,1,0,0
41.96,4,2.21,1.22,0.19,80.28,68.65440000000001,1,0,0,0,0,1,0,1,0,0,1,0
35.1,2,2.17,0.7,0.31,86.57,53.5767,1,0,0,0,1,0,0,1,0,0,1,0
21.04,2,2.36,0.85,0.2,72.41,34.726,1,0,0,0,1,0,0,1,0,0,1,0
9.49,3,3.74,1.9,0.48,46.08,43.8894,0,1,0,0,1,0,1,0,0,0,1,0
8.67,2,4.79,1.79,0.46,71.36,53.1349,0,0,1,0,1,0,1,0,0,0,1,0
13.26,4,3.49,1.56,0.33,44.36,38.814400000000006,0,0,1,0,1,0,0,0,1,1,0,0
27.91,3,4.53,1.22,0.24,61.945,42.0962,0,0,1,0,0,1,0,1,0,1,0,0
36.02,2,3.34,1.28,0.29,119.17,79.2381,0,0,1,0,0,1,0,1,0,1,0,0
33.35,1,4.13,1.96,0.26,19.63,74.59979999999999,0,1,0,0,1,0,1,0,0,1,0,0
14.72,2,4.2,1.95,0.39,13.32,38.0988,0,0,1,0,1,0,0,1,0,1,0,0
47.79,4,2.52,0.82,0.28,106.03,71.3962,1,0,0,0,0,1,0,1,0,1,0,0
37.16,2,3.08,1.72,0.44,39.71,84.4676,1,0,0,0,0,1,0,1,0,1,0,0
28.16,2,3.91,0.8,0.48,79.78,64.7324,0,0,1,0,0,1,0,1,0,1,0,0
13.14,3,3.6,1.11,0.14,35.14,23.105000000000004,1,0,0,0,1,0,0,1,0,1,0,0
18.44,2,4.99,1.9,0.18,44.45,48.027,1,0,0,0,1,0,0,1,0,0,1,0
38.13,4,3.42,0.63,0.27,52.23,41.544,1,0,0,0,1,0,1,0,0,0,1,0
1.71,4,4.45,1.27,0.18,87.85,22.4347,0,0,1,0,1,0,1,0,0,1,0,0
6.69,4,3.3,1.88,0.45,61.945,44.6007,0,0,0,1,1,0,0,1,0,1,0,0
3.25,3,4.39,1.86,0.16,61.945,28.5966,0,0,0,1,1,0,0,0,1,1,0,0
3,1,3.79,0.73,0.28,9.82,8.729600000000001,1,0,0,0,1,0,0,1,0,1,0,0
42.92,3,4.66,1.05,0.34,62.85,71.095,0,0,1,0,1,0,1,0,0,1,0,0
35.48,3,3.23,1.43,0.38,72.19,81.39859999999999,1,0,0,0,1,0,0,1,0,1,0,0
116.66768073006573,2,3.81,0.74,0.25,110.82,248.29520891209057,0,0,1,0,1,0,1,0,0,1,0,0
5.79,2,3.89,1.95,0.45,10.65,19.973,0,0,1,0,1,0,0,0,1,1,0,0
25.09,2,3.25,1.87,0.33,70.95,73.5818,0,0,1,0,0,1,0,0,1,0,0,1
24.2,1,2.43,0.75,0.28,103.17,49.4676,1,0,0,0,1,0,0,1,0,0,0,1
9.49,1,2.28,0.68,0.13,32.82,12.9998,0,1,0,0,1,0,0,0,1,1,0,0
22.26,2,3.53,0.63,0.29,105.77,46.7471,0,1,0,0,1,0,0,0,1,1,0,0
31.18,1,2.71,0.79,0.35,89.23,58.5727,1,0,0,0,1,0,0,0,1,1,0,0
32.12,4,2.63,1.12,0.43,112.31,86.89770000000001,1,0,0,0,1,0,1,0,0,0,1,0
3.22,1,4.21,1.17,0.3,80.58,32.151399999999995,1,0,0,0,1,0,0,0,1,1,0,0
19.36,1,2.96,1.4,0.15,55.49,38.3875,0,0,0,1,1,0,0,0,1,0,1,0
31.67,1,3.52,1.22,0.11,10.16,23.9563,0,0,1,0,1,0,0,1,0,1,0,0
25.65,2,2.49,0.84,0.22,110.81,48.4142,0,1,0,0,1,0,0,0,1,0,0,1
42.97,4,4.88,1.9,0.38,59.08,108.9734,1,0,0,0,0,1,0,1,0,1,0,0
33.28,1,4.55,1.86,0.42,8.33,69.9494,1,0,0,0,1,0,0,0,1,0,1,0
8.98,2,4.59,1.67,0.22,84.33,38.1392,0,1,0,0,1,0,1,0,0,1,0,0
4.46,3,3.22,0.53,0.3,60.41,23.7068,1,0,0,0,0,1,0,0,1,1,0,0
32.48,3,4.29,0.99,0.27,19.3,41.65619999999999,0,1,0,0,1,0,0,1,0,1,0,0
2.3,2,2.43,1.44,0.26,29.64,13.4484,0,0,0,1,0,1,0,1,0,1,0,0
47.07,4,2.06,1.86,0.15,71.04,100.2662,0,0,1,0,1,0,0,0,1,0,1,0
29.2,3,3.76,1.45,0.18,76.53,59.87539999999999,1,0,0,0,1,0,1,0,0,0,1,0
20.02,3,3.37,0.61,0.12,63.16,23.1614,0,0,0,1,1,0,1,0,0,1,0,0
32.52,4,3.55,1.86,0.18,98.97,81.85180000000001,0,0,1,0,1,0,0,0,1,0,1,0
23.45,1,2.02,1.94,0.1,104.02,57.915,1,0,0,0,1,0,0,1,0,1,0,0
27.74,1,3.53,0.62,0.35,75.8,46.9988,1,0,0,0,1,0,0,1,0,1,0,0
47.13,4,4.15,1.3,0.23,6.47,66.90710000000001,0,1,0,0,1,0,0,1,0,1,0,0
19.92,4,3.33,0.96,0.49,84.95,64.0787,0,0,1,0,1,0,0,1,0,1,0,0
45.36,3,2.7,0.77,0.24,70.04,54.436800000000005,0,0,0,1,1,0,0,0,1,1,0,0
10.59,4,4.44,1.22,0.24,79.64,38.0619,0,0,1,0,1,0,0,0,1,1,0,0
4.4,2,3.77,1.94,0.1,45.28,16.834,0,0,1,0,0,1,0,1,0,0,1,0
5.94,3,2.63,1.25,0.44,110.47,58.6618,0,0,0,1,1,0,0,1,0,1,0,0
1.89,1,2.71,0.62,0.11,20.41,6.1269,0,0,1,0,0,1,0,1,0,1,0,0
5.63,1,3.88,1.43,0.29,82.22,51.39649999999999,0,1,0,0,1,0,0,1,0,1,0,0
34.47,1,4.49,1.01,0.46,5.5,41.834700000000005,1,0,0,0,1,0,1,0,0,1,0,0
4.49,3,3.25,1.78,0.31,111.33,45.75449999999999,0,0,1,0,1,0,0,1,0,1,0,0
16.63,2,2.77,1.15,0.32,17.94,27.6353,0,1,0,0,1,0,0,0,1,1,0,0
42.4,4,4.6,0.79,0.36,15.91,43.823600000000006,1,0,0,0,1,0,0,1,0,1,0,0
2.14,4,4.01,0.79,0.25,43.3,16.525599999999997,1,0,0,0,0,1,1,0,0,1,0,0
40.91,1,3.34,1.65,0.36,47.96,88.1071,1,0,0,0,1,0,0,0,1,1,0,0
14.81,1,3.46,0.9,0.12,29.64,20.3458,1,0,0,0,0,1,0,1,0,0,1,0
6.79,3,2.61,1.65,0.12,72.29,22.4883,0,0,1,0,0,1,0,0,1,1,0,0
35.14,2,3.88,0.81,0.28,55.94,48.006600000000006,1,0,0,0,0,1,0,0,1,1,0,0
31.82,4,3.08,0.98,0.32,8.93,37.1212,1,0,0,0,0,1,1,0,0,0,1,0
44,3,4.99,1.2,0.46,41.76,76.9996,0,0,1,0,1,0,0,1,0,1,0,0
37.02,4,3.44,1.91,0.14,61.945,87.89620000000001,1,0,0,0,1,0,1,0,0,1,0,0
40.37,1,3.46,1.9,0.43,84.32,116.42059999999998,1,0,0,0,1,0,1,0,0,0,1,0
14.82,4,3.7,0.81,0.18,88.36,31.609,0,1,0,0,1,0,1,0,0,1,0,0
9.69,2,4.75,1.04,0.26,85.28,37.0004,0,0,1,0,1,0,0,0,1,1,0,0
37.78,2,4.4,0.72,0.23,40.76,40.9764,0,0,0,1,0,1,0,0,1,1,0,0
40.53,1,3.35,1.26,0.26,16.46,58.6974,1,0,0,0,1,0,0,0,1,1,0,0
49.53,2,4.16,1.19,0.16,36.33,68.9135,0,0,1,0,1,0,0,0,1,1,0,0
21.22,2,3.76,1.85,0.3,100.66,73.21499999999999,0,0,1,0,1,0,0,0,1,1,0,0
19.23,3,3.48,1.9,0.42,117.75,89.472,0,0,1,0,1,0,0,0,1,1,0,0
39.04,4,3.53,1.08,0.28,61.79,62.0444,1,0,0,0,1,0,0,0,1,1,0,0
17.7,1,3.39,1.24,0.3,6.12,27.174,1,0,0,0,0,1,0,0,1,1,0,0
46.61,1,2.74,1.84,0.44,21.11,97.7908,0,1,0,0,1,0,1,0,0,1,0,0
43.06,1,4.74,1.71,0.38,42.04,94.3478,1,0,0,0,1,0,0,1,0,1,0,0
37.79,1,4.86,0.98,0.2,13.64,44.6222,1,0,0,0,1,0,0,0,1,1,0,0
37.97,2,3.6,1.13,0.45,113.49,97.57659999999998,0,1,0,0,1,0,1,0,0,0,1,0
6.05,3,3.89,0.84,0.33,46.98,24.4754,0,0,1,0,1,0,0,0,1,1,0,0
25.76,3,2.39,0.56,0.21,94.76,36.7152,0,0,1,0,1,0,1,0,0,1,0,0
41.5,3,3.13,1.47,0.42,91.88,102.72459999999998,0,1,0,0,1,0,0,1,0,1,0,0
44.88,1,3.87,0.58,0.5,77.08,68.4404,1,0,0,0,1,0,0,0,1,1,0,0
20.07,2,3.34,0.85,0.15,78.37,32.155,0,1,0,0,1,0,0,0,1,0,0,1
45.36,2,2.66,1.78,0.26,68.68,101.2576,1,0,0,0,0,1,0,0,1,0,1,0
5.47,3,2.49,1.22,0.29,118.44,44.69539999999999,1,0,0,0,1,0,0,1,0,1,0,0
104.37179088913676,1,3.22,1.12,0.45,89.21,206.5086519683172,1,0,0,0,1,0,0,1,0,0,1,0
47.55,4,4.78,1.97,0.27,94.35,123.928,0,0,1,0,1,0,0,1,0,1,0,0
47.58,3,4.13,0.8,0.31,105.33,74.8463,0,0,1,0,1,0,0,1,0,1,0,0
29.1,4,3.26,0.82,0.12,29.8,30.698,0,0,1,0,1,0,1,0,0,1,0,0
31.96,3,3.55,0.94,0.29,14.64,35.0564,1,0,0,0,1,0,1,0,0,1,0,0
22.97,2,2.25,0.76,0.2,60.53,31.8132,0,0,0,1,0,1,0,1,0,0,1,0
15.37,1,4.95,1.07,0.37,64.12,45.1203,0,0,1,0,1,0,0,1,0,1,0,0
33.95,2,2.86,1.42,0.15,61.945,59.475,1,0,0,0,1,0,0,0,1,0,1,0
37.87,1,3.76,1.22,0.26,70.65,64.5434,0,0,0,1,1,0,1,0,0,1,0,0
39.79,1,2.33,1.9,0.36,61.945,101.5506,1,0,0,0,1,0,1,0,0,0,0,1
39.69,3,4.9,0.57,0.38,61.945,31.0915,1,0,0,0,1,0,0,0,1,0,1,0
5.47,1,2.52,0.82,0.17,75.75,19.8829,0,0,1,0,0,1,0,0,1,1,0,0
25.23,3,3.94,1.35,0.13,100.22,51.0291,0,0,1,0,1,0,0,1,0,0,1,0
27.93,4,4.15,0.56,0.2,73.35,34.4608,0,0,0,1,0,1,0,1,0,1,0,0
44.5,4,4.02,1.47,0.45,23.88,80.18099999999998,0,0,0,1,0,1,0,0,1,1,0,0
6.74,4,4.68,1.46,0.17,117.71,34.5311,0,1,0,0,0,1,0,1,0,0,1,0
8.01,3,3.53,0.98,0.43,50.28,31.7102,1,0,0,0,1,0,1,0,0,1,0,0
38.31,1,2.99,0.64,0.41,31.15,40.2799,1,0,0,0,0,1,0,1,0,1,0,0
31.29,1,2.74,1.14,0.34,24.7,46.8086,1,0,0,0,0,1,0,0,1,0,0,1
5.96,2,4.96,0.69,0.23,81.77,27.8795,1,0,0,0,1,0,0,1,0,1,0,0
5.12,4,3.17,1.92,0.21,75.09,28.7693,0,0,1,0,0,1,0,1,0,1,0,0
35.35,1,4.2,1.21,0.15,79.01,58.825,0,0,1,0,1,0,0,0,1,1,0,0
4.57,2,4.05,0.98,0.3,15.12,13.0646,1,0,0,0,1,0,0,0,1,0,1,0
41.27,1,2.64,1.65,0.33,107.76,106.2963,0,1,0,0,1,0,0,1,0,1,0,0
5.16,2,3.23,1.72,0.25,58.17,26.6477,0,0,0,1,1,0,0,0,1,1,0,0
49.35,2,2.7,1.8,0.36,49.86,109.4796,0,0,1,0,1,0,0,1,0,1,0,0
19.34,2,2.06,1.51,0.46,104.31,79.24600000000001,1,0,0,0,0,1,0,1,0,1,0,0
19.16,2,4.64,0.57,0.29,111.87,34.5791,1,0,0,0,0,1,0,1,0,1,0,0
40.83,1,4.9,1.35,0.29,39.9,69.99549999999999,0,1,0,0,1,0,0,1,0,0,1,0
47.42,2,3.02,1.64,0.16,104.35,97.4848,0,0,1,0,1,0,0,1,0,0,1,0
37.92,2,2.02,0.84,0.39,112.04,77.56840000000001,0,1,0,0,1,0,0,0,1,0,1,0
19.44,2,4.04,1.82,0.47,33.26,55.053,0,0,0,1,1,0,0,1,0,1,0,0
39.08,2,2.44,1.63,0.29,36.57,83.694,1,0,0,0,1,0,0,1,0,1,0,0
28.36,3,2.48,1.21,0.13,99.77,49.7657,1,0,0,0,0,1,1,0,0,1,0,0
21.79,2,4.37,1.17,0.34,5.61,31.7717,0,1,0,0,1,0,1,0,0,1,0,0
45.41,2,3.85,0.51,0.12,69.95,35.4031,1,0,0,0,1,0,0,1,0,1,0,0
6.45,2,2.13,1.73,0.46,44.01,33.5331,0,0,1,0,1,0,0,1,0,1,0,0
25.14,3,3.87,1.04,0.31,42.11,43.069700000000005,0,0,0,1,1,0,1,0,0,0,1,0
1.56,4,2.93,1.31,0.37,79.16,34.2628,1,0,0,0,1,0,1,0,0,1,0,0
23.96,3,3.11,1.52,0.43,102.92,83.7848,1,0,0,0,1,0,0,1,0,1,0,0
3.76,4,4.31,1.55,0.16,75.06,22.1476,0,0,1,0,1,0,0,1,0,1,0,0
6.82,2,4.43,1.93,0.12,103.11,29.965799999999994,1,0,0,0,1,0,0,1,0,1,0,0
6.76,2,3.2,1.3,0.45,35.43,27.9315,1,0,0,0,0,1,0,0,1,1,0,0
32.81,2,4.84,1.22,0.23,64.74,55.82120000000001,1,0,0,0,0,1,0,1,0,1,0,0
37.56,4,3.22,1.93,0.15,56.81,84.23230000000001,0,0,1,0,1,0,0,1,0,1,0,0
29.59,3,4.32,1.46,0.29,6.34,49.36,1,0,0,0,1,0,0,0,1,0,1,0
48.15,2,3.45,0.95,0.34,69.03,72.6627,0,0,0,1,1,0,0,1,0,1,0,0
19.37,3,4.69,0.69,0.11,81.08,26.9741,0,0,1,0,1,0,0,0,1,1,0,0
15,3,4.72,1.76,0.21,73.07,46.46469999999999,0,0,0,1,1,0,0,1,0,0,0,1
43.56,3,2.26,1.04,0.11,89.67,57.426100000000005,1,0,0,0,1,0,0,1,0,0,1,0
11.96,2,4.81,1.49,0.27,70.7,41.71940000000001,0,1,0,0,1,0,0,0,1,0,0,1
48.2,3,4.48,1.21,0.46,12.68,68.63480000000001,1,0,0,0,1,0,0,1,0,1,0,0
48.52,2,2.6,1.4,0.35,73.59,96.2845,0,1,0,0,0,1,0,0,1,1,0,0
3.11,3,4.42,0.59,0.16,36.62,12.1141,0,1,0,0,0,1,0,1,0,1,0,0
44.67,2,4.55,1.12,0.46,14.16,61.09400000000001,1,0,0,0,0,1,0,0,1,0,1,0
26.86,4,2.87,1.32,0.31,54.4,55.1892,1,0,0,0,1,0,0,1,0,1,0,0
49.66,4,4.86,1.15,0.16,68.75,72.969,1,0,0,0,0,1,1,0,0,1,0,0
28.14,3,2.45,1.22,0.4,87.85,86.5536,0,1,0,0,0,1,0,0,1,1,0,0
48.5,1,3.61,1.66,0.39,79.03,114.9417,0,1,0,0,1,0,0,1,0,1,0,0
26.63,1,3.73,0.56,0.38,43.27,35.08540000000001,1,0,0,0,0,1,0,0,1,1,0,0
31.84,3,3.94,0.79,0.18,91.81,45.6194,0,1,0,0,1,0,1,0,0,0,0,1
107.78683195771164,1,2.05,1.3,0.18,79.6,322.7259960920446,0,0,1,0,0,1,1,0,0,1,0,0
23.27,2,4.88,1.9,0.38,78.31,78.85079999999999,1,0,0,0,0,1,0,1,0,1,0,0
31.75,1,2.13,1.75,0.19,68.64,70.7341,0,0,1,0,1,0,0,1,0,0,1,0
29.63,3,2.43,1.76,0.28,6.31,56.345600000000005,1,0,0,0,1,0,1,0,0,1,0,0
45.16,3,2.04,1.22,0.41,85.1,79.833,1,0,0,0,0,1,1,0,0,1,0,0
3.23,2,3.7,1.14,0.41,48.24,27.1606,1,0,0,0,1,0,0,1,0,0,1,0
14.77,4,4.8,1.21,0.28,113.4,54.42370000000001,1,0,0,0,0,1,0,0,1,1,0,0
47.57,2,4,0.74,0.42,99.07,80.81119999999999,1,0,0,0,1,0,0,1,0,0,1,0
44.62,2,4.47,0.55,0.44,72.58,60.9462,1,0,0,0,1,0,1,0,0,0,1,0
23.33,1,2.04,1.92,0.29,34,59.0736,0,0,1,0,1,0,0,1,0,0,0,1
31.39,1,3.63,0.86,0.19,28.43,36.0271,1,0,0,0,1,0,0,1,0,1,0,0
14.59,2,3.53,0.86,0.21,44.14,25.1968,0,0,1,0,0,1,0,0,1,1,0,0
10.22,2,3.5,0.63,0.23,59.81,23.694900000000004,0,0,1,0,1,0,0,1,0,1,0,0
23.72,3,2.22,1.89,0.15,39.05,52.9083,1,0,0,0,1,0,0,0,1,1,0,0
18.31,1,4.05,1.37,0.21,64.22,42.6209,1,0,0,0,1,0,0,0,1,0,1,0
29.6,2,3.51,1.5,0.18,24.02,52.2336,1,0,0,0,1,0,0,1,0,1,0,0
4.81,1,4.3,1.87,0.28,117.44,46.1779,1,0,0,0,0,1,0,1,0,1,0,0
48.75,2,3.46,1.02,0.46,17.41,61.1936,1,0,0,0,0,1,0,0,1,0,1,0
49.32,1,2.45,1.43,0.14,112.17,88.6814,0,1,0,0,1,0,0,1,0,1,0,0
35.21,4,3.94,0.56,0.39,110.06,66.581,1,0,0,0,0,1,0,0,1,1,0,0
27.27,3,2.52,0.78,0.37,65.42,47.996,1,0,0,0,0,1,1,0,0,1,0,0
16.17,1,4.62,1.75,0.14,61.945,45.28790000000001,1,0,0,0,1,0,0,0,1,0,1,0
40.88,4,3.53,1.65,0.47,55.15,97.2125,1,0,0,0,0,1,0,1,0,1,0,0
34.55,1,2.47,1.03,0.29,61.945,63.615,1,0,0,0,1,0,0,1,0,0,1,0
8.97,1,4.89,1.07,0.25,44.17,25.5304,1,0,0,0,1,0,0,1,0,1,0,0
45.64,4,3.56,1.3,0.4,39.63,78.744,1,0,0,0,0,1,0,1,0,0,1,0
41.3,1,2.22,1.22,0.2,71.5,37.17,1,0,0,0,1,0,0,0,1,0,1,0
47.54,1,3.88,0.86,0.38,61.945,68.4308,1,0,0,0,0,1,0,0,1,1,0,0
36.56,3,2.76,0.81,0.12,61.945,40.9716,0,1,0,0,0,1,0,1,0,1,0,0
31.06,4,4.41,0.88,0.44,37.97,48.4496,0,1,0,0,1,0,0,1,0,1,0,0
21.49,4,4.45,1.71,0.28,47.2,54.4139,0,1,0,0,0,1,0,1,0,0,1,0
46.7,2,4.94,1.22,0.35,14.65,53.0315,0,0,0,1,1,0,0,0,1,1,0,0
43.44,1,3.51,0.79,0.19,11.01,39.9195,0,0,1,0,1,0,0,1,0,1,0,0
3.22,3,3.36,1.22,0.37,34.15,20.0527,0,0,1,0,1,0,0,1,0,1,0,0
2.29,1,4.26,1.8,0.41,13.54,13.9334,0,0,1,0,0,1,0,1,0,1,0,0
19.45,1,2.4,0.86,0.29,16.93,24.0367,1,0,0,0,1,0,1,0,0,1,0,0
40.72,2,3.64,0.62,0.35,98.49,63.3579,0,1,0,0,1,0,1,0,0,1,0,0
49.38,1,3.64,1.03,0.28,9.47,57.153000000000006,0,0,1,0,1,0,0,1,0,1,0,0
8.37,3,2.27,1.62,0.29,80.78,52.9882,0,0,0,1,0,1,0,1,0,0,1,0
30.11,3,3.25,1.33,0.3,36.34,54.1983,0,0,1,0,1,0,0,0,1,1,0,0
19.66,2,4.56,1.73,0.44,105.23,84.873,0,0,0,1,1,0,0,1,0,1,0,0
48.53,1,4.57,1.94,0.29,60.77,124.2416,1,0,0,0,1,0,0,0,1,0,0,1
42.26,3,2.3,1.69,0.26,40.14,84.1558,0,0,1,0,1,0,1,0,0,0,1,0
42.08,1,2.27,1.41,0.19,64.53,73.86349999999999,1,0,0,0,0,1,0,0,1,0,1,0
23.97,1,2.79,1.24,0.26,48.93,45.2346,0,0,1,0,1,0,1,0,0,1,0,0
21.33,1,4.62,0.56,0.43,69.89,46.61750000000001,0,0,1,0,1,0,0,1,0,1,0,0
14.4,2,2.39,1.98,0.19,18.17,34.3543,1,0,0,0,0,1,0,1,0,1,0,0
3.76,2,4.16,1.08,0.31,119.65,45.31230000000001,0,1,0,0,1,0,0,0,1,0,1,0
43.37,3,2.3,0.73,0.42,53.94,56.61489999999999,1,0,0,0,0,1,0,1,0,1,0,0
40.83,1,3.87,1.5,0.24,45.05,75.92699999999999,1,0,0,0,1,0,0,0,1,1,0,0
49.99,3,3.07,0.93,0.36,86.67,80.7619,1,0,0,0,0,1,0,1,0,1,0,0
139.476514583775,1,4.37,1.38,0.2,46.85,296.0886973121837,0,1,0,0,1,0,0,1,0,1,0,0
28.22,3,2.7,1.38,0.14,100.83,55.7598,0,0,1,0,1,0,1,0,0,1,0,0
38.68,2,3.92,1.17,0.42,57.24,73.2164,1,0,0,0,0,1,0,1,0,1,0,0
47.29,1,2.71,1.75,0.14,87.75,97.75249999999998,0,0,1,0,0,1,1,0,0,1,0,0
42.63,1,4.14,1.22,0.21,17.36,46.15260000000001,0,0,1,0,0,1,1,0,0,1,0,0
13.12,3,4.62,1.17,0.44,102.3,64.9824,1,0,0,0,1,0,0,0,1,0,0,1
23.08,4,2.38,1.31,0.24,89.61,54.1212,0,0,1,0,0,1,0,0,1,0,1,0
7.33,2,4.6,1.5,0.49,29.35,29.9765,1,0,0,0,0,1,0,0,1,0,1,0
47.75,4,3.78,1.68,0.49,61.945,94.6379,0,1,0,0,1,0,1,0,0,0,1,0
30.7,4,2.38,1.09,0.21,41.37,44.5307,0,0,1,0,0,1,0,1,0,1,0,0
12.2,1,3.28,1.47,0.12,117.25,35.284,1,0,0,0,0,1,0,0,1,1,0,0
33.91,2,2.48,0.73,0.38,34.54,40.3595,0,0,1,0,1,0,0,0,1,1,0,0
31.29,2,4.1,1.9,0.28,57.45,79.637,0,0,0,1,1,0,0,0,1,1,0,0
18.55,1,4.28,1.07,0.14,61.945,25.3115,1,0,0,0,1,0,0,0,1,1,0,0
6.56,4,2.32,1.59,0.38,50.68,32.0088,0,1,0,0,1,0,0,1,0,1,0,0
33.91,4,3.53,0.53,0.11,61.945,29.2693,1,0,0,0,1,0,0,0,1,1,0,0
26.5,1,4.44,0.81,0.45,114.61,77.4795,0,0,1,0,1,0,1,0,0,1,0,0
38.84,1,4.81,1.23,0.29,64.42,62.89040000000001,1,0,0,0,1,0,0,1,0,1,0,0
26.49,1,3.54,1.82,0.15,99.2,66.6318,0,0,0,1,1,0,1,0,0,1,0,0
42.76,2,4.85,1.29,0.17,67.92,71.5568,1,0,0,0,1,0,0,0,1,0,1,0
28.04,4,3.61,1.89,0.48,9.69,61.2568,0,1,0,0,0,1,1,0,0,1,0,0
28.49,2,3.18,1.23,0.38,41.23,53.8901,0,1,0,0,0,1,0,0,1,1,0,0
43.96,3,4.54,1.24,0.42,71.19,88.9502,0,0,1,0,1,0,0,0,1,1,0,0
20.77,4,3.48,1.22,0.26,61.945,47.3268,0,0,1,0,0,1,0,1,0,1,0,0
7.57,3,3.42,1.7,0.23,103.8,40.163,1,0,0,0,1,0,1,0,0,1,0,0
2.41,2,3.47,0.87,0.19,31.26,11.5061,1,0,0,0,1,0,0,1,0,1,0,0
38,2,4.54,1.85,0.29,30.31,83.6299,0,1,0,0,1,0,1,0,0,1,0,0
31.4,3,4.5,1.87,0.32,28.13,72.2196,0,0,0,1,1,0,0,1,0,1,0,0
35.5,2,3.21,1.91,0.35,111.09,109.89649999999996,1,0,0,0,0,1,0,1,0,0,1,0
11.44,1,3,1.28,0.2,103.06,38.2552,0,0,1,0,0,1,0,1,0,0,1,0
7.68,3,3.48,1.52,0.48,94.11,60.32639999999999,0,1,0,0,1,0,0,0,1,1,0,0
1.71,3,3.72,1.67,0.17,50.16,15.1029,0,0,1,0,1,0,0,1,0,1,0,0
18.18,2,2.72,0.7,0.49,63,46.316,0,1,0,0,1,0,1,0,0,0,1,0
29.91,1,4.38,1.4,0.11,58.4,52.678,1,0,0,0,1,0,0,1,0,1,0,0
20.22,1,3.46,0.55,0.29,34.14,24.4816,1,0,0,0,1,0,0,1,0,1,0,0
22.44,3,3,1.25,0.23,63.08,45.5584,0,0,1,0,1,0,1,0,0,1,0,0
45.3,3,2.32,0.73,0.28,8.51,37.7718,1,0,0,0,0,1,0,0,1,0,1,0
18.06,3,2.72,0.77,0.33,20.16,23.279,1,0,0,0,0,1,1,0,0,1,0,0
26.19,1,4.85,1.05,0.27,106.96,61.2287,1,0,0,0,1,0,0,1,0,1,0,0
39.4,2,2.92,1.15,0.27,91.44,72.9188,1,0,0,0,0,1,0,0,1,0,1,0
20.43,2,2.51,1.43,0.39,53.63,52.6406,0,1,0,0,1,0,0,0,1,1,0,0
31.48,1,3.38,0.61,0.37,64.47,46.4367,0,1,0,0,1,0,0,0,1,1,0,0
43.26,4,2.92,1.26,0.43,47.55,77.8741,0,0,1,0,1,0,0,0,1,0,0,1
47.53,2,2.11,0.77,0.2,90.19,56.7461,0,0,1,0,1,0,0,0,1,1,0,0
8.21,3,2.97,1.36,0.34,95.18,46.49680000000001,0,0,1,0,0,1,0,0,1,1,0,0
46.4,4,3.63,1.46,0.33,92.78,101.9914,1,0,0,0,1,0,0,1,0,1,0,0
25.11,4,3.66,1.34,0.25,88.1,59.3324,1,0,0,0,1,0,0,0,1,1,0,0
23.5,4,3.34,1,0.23,43.87,36.9301,0,0,1,0,1,0,0,0,1,1,0,0
49.02,4,4.9,1.65,0.16,59.03,95.2278,1,0,0,0,0,1,0,1,0,1,0,0
25.14,2,3.13,1.15,0.19,43.04,40.2186,1,0,0,0,1,0,0,0,1,0,1,0
17.11,2,2.77,1.23,0.29,91.82,36.6701,1,0,0,0,1,0,0,0,1,1,0,0
12.77,3,3.37,0.53,0.29,20.9,17.662100000000002,0,0,1,0,1,0,0,1,0,1,0,0
4.72,1,4.28,1.48,0.48,50.89,35.6928,1,0,0,0,1,0,0,1,0,0,1,0
7.32,4,2.62,1.43,0.39,117.69,58.9867,1,0,0,0,1,0,0,0,1,1,0,0
122.82019097975328,2,4.13,0.96,0.12,30.98,247.5983178992313,1,0,0,0,1,0,1,0,0,1,0,0
8.44,3,2.06,0.63,0.45,75.4,41.30720000000001,0,1,0,0,0,1,0,1,0,1,0,0
7.8,2,3.26,0.64,0.45,61.945,32.9075,1,0,0,0,0,1,0,0,1,1,0,0
32.4,4,4.33,1.88,0.28,13.17,68.9296,0,0,0,1,0,1,0,1,0,1,0,0
9.91,1,3.02,1.53,0.33,61.11,38.348600000000005,0,0,1,0,1,0,0,0,1,0,1,0
17.94,1,3.69,0.69,0.49,85.75,58.0861,0,0,1,0,1,0,1,0,0,1,0,0
44.94,1,2.61,1.04,0.31,64.02,69.1938,0,1,0,0,1,0,0,1,0,1,0,0
24.22,2,4.23,1.39,0.46,61.945,86.3292,1,0,0,0,0,1,0,0,1,1,0,0
33.71,2,3.53,1.75,0.13,38.23,66.1224,0,0,1,0,1,0,0,1,0,0,1,0
9.44,1,4.56,0.57,0.18,14.92,12.6264,0,0,1,0,1,0,0,1,0,1,0,0
10.42,1,3.53,0.85,0.28,112.71,43.0058,0,0,1,0,1,0,0,1,0,1,0,0
3,2,4.62,1.83,0.33,48.49,26.111700000000003,0,1,0,0,1,0,0,1,0,1,0,0
9.28,3,3.06,0.51,0.43,71.29,38.447500000000005,0,0,1,0,1,0,0,0,1,1,0,0
14.65,4,4.17,0.8,0.5,96.08,63.93,1,0,0,0,1,0,0,0,1,1,0,0
9.67,4,2.96,1.94,0.26,42.3,32.7178,0,0,1,0,0,1,0,0,1,1,0,0
5.35,1,4.72,1.42,0.12,87.36,22.8002,1,0,0,0,1,0,0,1,0,1,0,0
6.91,3,2.38,0.89,0.42,20.57,17.1693,0,0,1,0,1,0,0,1,0,1,0,0
23.58,2,2.54,0.6,0.34,38.5,29.778,1,0,0,0,1,0,0,0,1,1,0,0
11.11,1,3.48,0.54,0.18,21.64,13.3746,0,0,1,0,1,0,0,1,0,1,0,0
18.85,3,2.25,0.87,0.3,98.29,48.1365,1,0,0,0,1,0,0,1,0,1,0,0
25.67,3,2.59,1.82,0.4,30.6,61.54940000000001,0,0,1,0,0,1,1,0,0,1,0,0
34.83,3,4.83,1.12,0.41,87.5,79.71459999999999,1,0,0,0,1,0,0,0,1,0,0,1
2.93,2,4.93,1.58,0.3,113.48,43.60339999999999,0,1,0,0,0,1,0,0,1,0,0,1
40.17,2,3.13,1.88,0.22,65.69,93.1014,1,0,0,0,1,0,0,0,1,0,1,0
31.77,4,4.77,1.11,0.49,67.1,72.9137,1,0,0,0,1,0,0,1,0,1,0,0
5.01,4,3.63,0.79,0.37,58.02,29.055300000000003,1,0,0,0,0,1,0,1,0,0,1,0
43.81,3,2.81,1.28,0.26,42.48,69.9316,1,0,0,0,1,0,0,0,1,1,0,0
46.12,3,4.11,1.86,0.21,59.7,102.4302,1,0,0,0,1,0,0,1,0,1,0,0
138.76388715029725,2,3.98,1.71,0.39,74.32,332.0436886774302,0,0,0,1,1,0,1,0,0,1,0,0
14.57,4,4.97,0.6,0.29,118.39,37.39,1,0,0,0,1,0,0,0,1,1,0,0
40.5,3,2.8,1.54,0.29,112.84,84.3528,1,0,0,0,0,1,0,1,0,0,1,0
37.66,4,4.02,1.36,0.31,104.15,87.5241,0,1,0,0,1,0,0,0,1,1,0,0
10.04,2,2.16,1.86,0.22,107.25,44.4294,1,0,0,0,0,1,0,1,0,1,0,0
11.26,3,2.34,0.68,0.29,58.8,30.5768,0,0,1,0,0,1,0,0,1,0,1,0
19.15,2,2.01,1.3,0.15,80.61,38.9965,1,0,0,0,1,0,0,0,1,1,0,0
24.74,3,5,1.82,0.36,107.93,88.8816,0,0,0,1,0,1,1,0,0,1,0,0
19.08,4,4.36,1.22,0.1,115.6,39.1976,1,0,0,0,0,1,0,0,1,1,0,0
23.66,3,3.53,0.61,0.15,52.82,25.8856,0,0,1,0,1,0,0,0,1,1,0,0
37.63,2,2.9,0.92,0.29,74.12,72.356,1,0,0,0,1,0,1,0,0,1,0,0
2.8,3,2.45,1.22,0.45,86.63,44.2055,0,0,1,0,1,0,0,1,0,1,0,0
13.37,2,2.85,1.92,0.19,114.32,50.2412,1,0,0,0,1,0,0,1,0,0,1,0
35.95,2,3.13,0.92,0.41,33.13,49.78730000000001,0,1,0,0,1,0,0,1,0,1,0,0
27.07,1,2.23,0.74,0.25,35.88,31.2318,0,1,0,0,1,0,0,0,1,1,0,0
6.25,4,2.05,1.23,0.37,94.31,44.6322,0,0,0,1,0,1,0,0,1,0,0,1
22.92,3,2.31,1.61,0.13,68.51,48.11750000000001,0,0,1,0,1,0,0,1,0,1,0,0
27.1,4,3.53,1.8,0.26,81.01,73.0726,1,0,0,0,1,0,0,0,1,1,0,0
12.88,2,4.8,1.44,0.49,42.13,43.9909,0,0,1,0,0,1,0,1,0,1,0,0
14.19,1,3.91,1.5,0.32,61.945,44.507000000000005,0,0,0,1,0,1,0,0,1,1,0,0
19.49,4,4.41,0.69,0.22,76,34.5781,0,0,0,1,0,1,0,0,1,0,1,0
11.36,1,3.53,1.66,0.36,115.59,62.8,1,0,0,0,0,1,0,1,0,1,0,0
6.87,4,4.35,1.9,0.48,89.4,60.315,0,0,1,0,1,0,1,0,0,1,0,0
44.64,1,2.5,1.58,0.11,52.27,78.7809,0,1,0,0,1,0,0,0,1,0,1,0
30.09,2,3.54,1.63,0.22,45.84,62.6715,0,0,1,0,0,1,0,1,0,1,0,0
39.67,1,3.88,1.16,0.23,52.06,61.871,0,1,0,0,1,0,0,0,1,1,0,0
25.42,4,4.84,1.43,0.2,67.58,54.7066,0,1,0,0,1,0,0,0,1,1,0,0
5.26,1,3.74,1.65,0.31,67.5,33.344,0,0,1,0,1,0,0,1,0,1,0,0
27.32,2,3.62,0.66,0.43,62.17,48.3843,1,0,0,0,1,0,0,1,0,1,0,0
29.76,3,2.15,1.94,0.14,20.5,62.7544,0,0,1,0,1,0,0,0,1,0,1,0
37.53,4,2.19,1.84,0.48,62.05,101.0292,1,0,0,0,1,0,0,1,0,0,1,0
22.15,2,2.56,0.91,0.42,24.45,32.985499999999995,0,0,1,0,0,1,0,1,0,1,0,0
7.25,2,2.1,1.73,0.17,19.51,17.9592,0,0,0,1,1,0,0,1,0,1,0,0
14.91,1,4.23,1.28,0.38,112.25,65.9698,1,0,0,0,0,1,0,0,1,1,0,0
18.79,3,4.17,1.19,0.25,74.57,45.1726,1,0,0,0,0,1,1,0,0,0,1,0
28.97,3,4.51,1.37,0.41,51.21,65.195,1,0,0,0,1,0,0,0,1,1,0,0
18.45,4,2.46,1.59,0.49,109.53,85.4652,1,0,0,0,1,0,0,0,1,1,0,0
49.34,4,3.53,1.12,0.15,78.36,69.91480000000001,1,0,0,0,0,1,0,1,0,1,0,0
30.68,1,2.75,1.44,0.27,93.45,72.16069999999999,0,0,0,1,1,0,0,0,1,1,0,0
12.62,3,3.12,1.55,0.29,47.38,36.4212,1,0,0,0,1,0,0,1,0,1,0,0
5.99,3,2.76,1.57,0.25,115.4,41.014300000000006,0,0,0,1,1,0,0,0,1,1,0,0
8.49,2,3.47,1.22,0.25,99.35,33.2317,0,1,0,0,1,0,0,1,0,0,0,1
13.05,1,3.22,1.79,0.12,103.2,38.9635,0,0,1,0,1,0,0,1,0,1,0,0
8.87,3,4.96,1.19,0.37,24.8,24.6913,0,0,0,1,1,0,0,1,0,1,0,0
14.97,2,2.43,0.86,0.18,37.85,22.1172,0,1,0,0,1,0,0,1,0,0,1,0
9.5,1,2.16,1.22,0.43,36.15,29.2945,1,0,0,0,1,0,0,1,0,1,0,0
44.94,2,3.53,1.83,0.42,103.37,129.5356,0,1,0,0,1,0,1,0,0,1,0,0
4.93,1,2.16,1.07,0.29,8.67,9.9494,0,1,0,0,0,1,0,0,1,1,0,0
26.7,4,4.51,1.62,0.22,13.75,50.789,0,1,0,0,1,0,0,0,1,1,0,0
21.11,3,3.54,0.65,0.36,36.5,30.4015,0,1,0,0,0,1,1,0,0,1,0,0
49.14,3,3.58,1.21,0.22,27.99,69.1972,1,0,0,0,1,0,1,0,0,0,1,0
20.49,1,2.51,1.66,0.39,96.76,74.2598,1,0,0,0,1,0,1,0,0,1,0,0
48.5,4,2.59,0.82,0.12,61.945,50.7312,0,0,1,0,1,0,0,1,0,1,0,0
43.41,2,2.96,1.25,0.14,5.66,58.0149,1,0,0,0,1,0,0,1,0,0,1,0
41.04,2,3.78,0.85,0.1,54.37,44.101,1,0,0,0,1,0,0,0,1,1,0,0
13.64,2,2.63,1.11,0.16,51.91,26.076,0,0,0,1,0,1,0,0,1,0,1,0
9.37,1,2.35,1.67,0.13,18.1,20.3509,1,0,0,0,1,0,0,0,1,1,0,0
33.76,1,3.53,1.66,0.5,82.76,102.3316,0,1,0,0,1,0,0,1,0,0,1,0
46.54,2,2.07,0.84,0.22,85.74,60.0264,0,0,1,0,1,0,0,1,0,0,1,0
28.28,2,4.41,1.88,0.16,87.9,71.6404,0,1,0,0,1,0,0,0,1,0,1,0
29.01,2,4.36,1.39,0.2,88.77,62.4379,1,0,0,0,1,0,0,1,0,1,0,0
14.72,4,2.89,1.07,0.47,5.01,20.9951,1,0,0,0,1,0,0,0,1,1,0,0
38.71,2,2.41,1.25,0.31,114.7,86.3545,1,0,0,0,1,0,0,0,1,0,1,0
10.17,1,3.53,1.41,0.25,98.63,41.4372,0,1,0,0,1,0,0,0,1,1,0,0
16.86,1,4.09,1.34,0.45,108.96,75.7144,0,0,1,0,1,0,0,0,1,1,0,0
21.85,3,3.93,1.23,0.26,6.8,32.5735,1,0,0,0,1,0,1,0,0,0,1,0
25.87,2,4.35,1.26,0.23,112.39,62.7959,1,0,0,0,1,0,0,1,0,0,1,0
12.88,4,4.81,0.76,0.18,98.13,32.2622,0,0,1,0,1,0,0,0,1,0,1,0
6.63,4,4.08,1.72,0.25,101.28,40.8036,1,0,0,0,0,1,0,0,1,1,0,0
30.92,4,2.47,1.31,0.23,15.73,46.5931,0,0,1,0,1,0,0,1,0,0,1,0
15.14,3,2.73,0.7,0.37,89.96,46.61319999999999,0,0,1,0,1,0,0,1,0,0,1,0
29.48,2,4.53,1.65,0.22,115.39,78.5578,0,0,1,0,1,0,0,1,0,1,0,0
8.56,4,2.63,1.22,0.33,83.03,46.2939,0,0,0,1,0,1,0,0,1,1,0,0
24.58,1,2.22,1.92,0.13,70.61,58.59289999999999,1,0,0,0,0,1,0,0,1,1,0,0
27.1,3,4.11,1.05,0.18,113.75,53.040000000000006,1,0,0,0,1,0,1,0,0,1,0,0
3.54,2,3.21,0.7,0.26,55.94,20.2324,1,0,0,0,0,1,0,1,0,0,0,1
17.49,2,4.76,1.28,0.47,73.92,61.8896,1,0,0,0,1,0,0,1,0,1,0,0
7.59,2,3.95,0.67,0.25,59.78,23.9803,1,0,0,0,1,0,1,0,0,1,0,0
4.11,4,2.27,1.9,0.37,112.28,51.6226,1,0,0,0,0,1,0,1,0,0,0,1
49.51,2,4.84,0.78,0.2,13.75,46.207800000000006,0,0,1,0,0,1,0,0,1,1,0,0
16.8,4,2.78,0.88,0.29,62.63,26.9585,1,0,0,0,1,0,0,0,1,0,1,0
40.68,3,3.01,1.11,0.12,84,58.2448,0,0,1,0,1,0,0,1,0,1,0,0
13.48,3,3.21,1.07,0.22,96.07,38.769,1,0,0,0,1,0,0,1,0,0,1,0
34.39,4,2.15,1.69,0.16,72.05,71.7971,1,0,0,0,1,0,0,1,0,1,0,0
38.25,1,3.49,1.18,0.17,109.53,67.24510000000001,0,0,1,0,1,0,0,1,0,0,1,0
30.19,2,2.37,0.76,0.4,113.33,70.6464,0,0,1,0,1,0,0,0,1,1,0,0
24.11,2,3.2,0.9,0.11,12.4,26.263,0,1,0,0,1,0,0,0,1,1,0,0
21.18,2,3.05,1.26,0.32,51.27,46.1432,1,0,0,0,1,0,0,1,0,0,1,0
18.09,4,4.32,0.72,0.25,7.7,19.2698,0,0,1,0,1,0,0,0,1,1,0,0
46.55,3,4.41,1.42,0.3,42.88,83.375,0,0,0,1,1,0,1,0,0,1,0,0
41.7,2,2.46,1.35,0.33,66.74,80.7792,1,0,0,0,1,0,0,1,0,1,0,0
48.29,3,3.1,1.57,0.23,109.74,104.1555,1,0,0,0,0,1,0,0,1,0,1,0
7.09,2,3.53,1.91,0.22,102.35,39.1789,0,0,0,1,0,1,0,1,0,1,0,0
36.81,2,2.45,1.87,0.39,19.66,78.95210000000002,0,0,1,0,1,0,0,1,0,1,0,0
46.98,4,4.4,1.92,0.45,15.7,101.6666,0,0,1,0,0,1,0,1,0,1,0,0
9.88,1,4.12,0.87,0.18,72.77,25.8142,0,0,1,0,0,1,0,0,1,1,0,0
4.26,4,2.57,0.7,0.14,66.19,14.8186,1,0,0,0,0,1,0,1,0,1,0,0
37.31,2,3.1,0.95,0.46,35.63,54.9343,0,0,1,0,1,0,1,0,0,1,0,0
29.15,2,2.32,1.84,0.24,108.44,81.9816,1,0,0,0,1,0,0,0,1,1,0,0
7.85,3,2.36,1.22,0.24,51.3,28.7235,1,0,0,0,1,0,0,1,0,1,0,0
39.97,3,4.96,0.67,0.15,107.38,47.846900000000005,0,0,0,1,1,0,0,0,1,0,1,0
10.88,2,3.53,1.92,0.34,61.945,41.9406,0,1,0,0,1,0,0,0,1,1,0,0
9.05,2,3.74,0.51,0.18,59.73,19.1069,1,0,0,0,0,1,0,0,1,1,0,0
40.91,1,4.73,1.16,0.28,19.1,57.53359999999999,1,0,0,0,1,0,0,0,1,1,0,0
33.59,1,3.66,0.57,0.42,111.71,69.7245,1,0,0,0,1,0,0,1,0,0,1,0
26.63,2,2.52,1.22,0.34,57.22,57.1264,1,0,0,0,0,1,1,0,0,1,0,0
43.98,4,4.53,1.21,0.32,47.22,72.8562,0,1,0,0,0,1,0,1,0,1,0,0
20.23,2,3.93,1.42,0.38,7.17,35.3812,1,0,0,0,0,1,0,1,0,1,0,0
41.01,1,3.95,1.8,0.42,16.56,84.7232,0,0,1,0,1,0,0,0,1,1,0,0
19.47,2,4.68,1.15,0.16,84.35,40.56649999999999,1,0,0,0,1,0,0,1,0,1,0,0
23.67,1,4.76,1.73,0.38,43.49,62.2353,0,1,0,0,1,0,0,0,1,0,0,1
15.77,3,2.28,1.86,0.37,61.945,63.0548,0,1,0,0,1,0,0,1,0,1,0,0
37.63,4,3.63,0.68,0.11,85.34,38.6058,0,1,0,0,1,0,0,0,1,1,0,0
25.63,3,4.22,1.3,0.26,85.95,59.886,0,0,1,0,1,0,0,0,1,0,1,0
12.38,2,4.27,0.93,0.23,61.64,29.9606,1,0,0,0,1,0,0,0,1,0,1,0
45.08,2,3.82,0.57,0.29,110.21,70.29329999999999,1,0,0,0,0,1,1,0,0,1,0,0
19.81,3,2.5,1.5,0.19,61.26,43.8544,0,0,1,0,1,0,0,1,0,0,1,0
101.0397035425727,1,4.39,1.79,0.29,56.78,283.6452005933156,1,0,0,0,1,0,0,1,0,0,1,0
45.42,3,4.16,0.74,0.47,27.93,50.89789999999999,0,1,0,0,0,1,0,0,1,1,0,0
31.59,3,2.26,1.72,0.42,40.38,73.5544,0,0,1,0,1,0,1,0,0,1,0,0
6.73,4,3.39,1.78,0.47,9.87,20.0083,1,0,0,0,1,0,0,1,0,1,0,0
47.05,4,2.52,1.87,0.49,77.86,128.6549,0,0,1,0,1,0,0,1,0,0,0,1
31.76,3,3.01,0.9,0.1,33.58,34.952,0,0,1,0,1,0,0,1,0,1,0,0
7.82,2,3.2,0.98,0.27,93.64,36.1464,0,0,0,1,0,1,0,1,0,0,1,0
39.91,4,3.65,1.33,0.44,42.63,75.4875,0,1,0,0,1,0,0,0,1,1,0,0
31.38,4,3.86,0.58,0.2,32.85,28.6304,0,0,0,1,1,0,1,0,0,1,0,0
27.14,2,3.99,0.57,0.49,24.44,31.4354,1,0,0,0,0,1,0,0,1,1,0,0
44.8,1,4.51,1.58,0.35,94.11,108.2325,0,0,1,0,0,1,0,1,0,1,0,0
39.64,4,2.65,1.17,0.42,19.92,57.3952,1,0,0,0,1,0,0,0,1,0,1,0
16.27,1,4.55,0.79,0.17,61.945,28.164300000000004,0,1,0,0,1,0,1,0,0,0,1,0
13.18,4,2.47,1.5,0.4,84.05,55.86,0,0,1,0,1,0,0,0,1,1,0,0
37.45,4,4.92,0.5,0.11,77.83,32.2063,1,0,0,0,1,0,0,1,0,1,0,0
2.64,1,4.53,1.71,0.43,98.23,51.2833,0,0,1,0,1,0,0,0,1,0,0,1
28.92,1,3.5,0.62,0.11,10.15,22.5469,1,0,0,0,0,1,0,0,1,1,0,0
38.36,3,4.94,0.79,0.36,39.09,49.3168,0,1,0,0,1,0,0,0,1,1,0,0
43.96,2,2.29,1.08,0.25,37.22,59.0718,1,0,0,0,1,0,0,1,0,1,0,0
17.76,2,2.91,1.22,0.34,21.79,32.1634,1,0,0,0,1,0,0,1,0,0,1,0
41.24,1,3.91,1.03,0.38,38.26,60.92600000000001,1,0,0,0,1,0,1,0,0,1,0,0
42.48,4,4.79,1.95,0.14,65.02,96.7288,0,1,0,0,1,0,1,0,0,1,0,0
7.25,3,2.2,1.46,0.13,81.33,23.3579,1,0,0,0,0,1,0,1,0,1,0,0
20.47,3,3.65,1.22,0.34,48.83,31.306,0,0,0,1,1,0,0,0,1,0,1,0
8.35,4,3.96,1.81,0.4,43.66,36.5375,1,0,0,0,1,0,0,0,1,1,0,0
12.23,4,2.77,0.95,0.3,38.38,25.9025,1,0,0,0,1,0,0,0,1,1,0,0
36.39,2,3.09,0.64,0.27,67.24,44.5344,1,0,0,0,1,0,0,1,0,1,0,0
36.28,2,4.53,1.64,0.29,7.73,66.039,1,0,0,0,1,0,0,1,0,0,1,0
32.42,4,2.58,1.41,0.11,14.18,49.852,0,1,0,0,1,0,0,1,0,1,0,0
35,2,4.48,1.36,0.23,53.07,64.2861,0,0,1,0,1,0,0,1,0,0,0,1
27.59,1,3.69,0.58,0.49,113.43,75.27289999999999,0,0,0,1,0,1,0,0,1,1,0,0
13.34,4,4.29,0.71,0.45,87.97,53.3479,1,0,0,0,0,1,0,1,0,1,0,0
17.94,2,4.14,1.43,0.29,15.13,33.2741,1,0,0,0,1,0,0,1,0,0,1,0
9.9,3,2.62,0.81,0.34,102.33,45.4312,1,0,0,0,0,1,0,0,1,1,0,0
45.51,4,3.71,1.26,0.44,89.21,100.305,0,1,0,0,1,0,0,0,1,0,1,0
29.59,4,4.6,1.32,0.28,75.26,64.73160000000001,1,0,0,0,0,1,1,0,0,0,0,1
20.64,3,3.3,0.93,0.11,99.33,33.4215,1,0,0,0,1,0,0,0,1,1,0,0
47.42,3,3.36,1.22,0.3,30.47,95.9602,1,0,0,0,0,1,1,0,0,0,1,0
8.51,4,2.43,1.58,0.49,63.88,47.177,0,0,1,0,1,0,0,0,1,1,0,0
29.73,1,3.17,1.22,0.38,68.12,47.488200000000006,0,1,0,0,0,1,0,1,0,1,0,0
25.79,2,4.86,0.66,0.13,66.91,30.5797,1,0,0,0,1,0,0,0,1,1,0,0
30.96,2,2.96,1.24,0.18,69.98,53.9468,1,0,0,0,1,0,1,0,0,1,0,0
1.89,2,4.6,0.74,0.41,114.1,52.77959999999999,0,0,1,0,1,0,0,1,0,1,0,0
43.73,4,4.64,1.97,0.44,108.76,138.6425,0,0,1,0,1,0,0,1,0,1,0,0
108.14699381139414,1,2.25,1.22,0.36,97.16,239.17140732641303,0,0,1,0,1,0,0,1,0,1,0,0
35.14,2,4.17,1.05,0.11,113.49,53.550900000000006,0,0,1,0,0,1,0,0,1,1,0,0
46.2,1,2.93,1.46,0.43,16.33,77.40390000000001,0,0,1,0,1,0,0,0,1,1,0,0
35.65,4,4.35,0.69,0.42,35.49,43.8543,0,0,0,1,0,1,0,1,0,0,1,0
8.47,2,3.33,1.15,0.2,61.93,25.4565,0,1,0,0,0,1,1,0,0,1,0,0
29.24,4,3.46,0.91,0.38,61.945,68.9614,1,0,0,0,0,1,0,0,1,0,1,0
30.73,3,4.33,1.83,0.19,63.09,72.553,0,0,1,0,0,1,0,0,1,0,1,0
21.78,4,3.15,0.56,0.12,91.02,26.2692,1,0,0,0,1,0,0,1,0,1,0,0
37.09,4,3.33,1.87,0.18,61.945,76.46470000000001,0,1,0,0,0,1,0,1,0,1,0,0
46.78,3,3.13,1.75,0.17,34.03,90.7801,1,0,0,0,0,1,0,0,1,1,0,0
46.35,1,3.1,0.95,0.24,89.15,68.52850000000001,0,0,1,0,1,0,0,0,1,1,0,0
23.09,3,3.58,1.68,0.29,23.94,48.835,0,0,1,0,1,0,1,0,0,0,1,0
6.55,3,4.43,0.55,0.3,45.41,21.6555,0,0,1,0,0,1,0,0,1,0,1,0
49.26,4,3.09,1.95,0.29,35.46,109.4304,1,0,0,0,1,0,0,1,0,1,0,0
42.11,1,3.57,1.29,0.21,45.23,67.3902,0,1,0,0,1,0,1,0,0,1,0,0
7.11,2,4.01,0.95,0.11,86.46,20.2751,0,0,1,0,1,0,0,1,0,0,1,0
43.62,2,2.83,0.6,0.26,68.86,46.90559999999999,0,0,1,0,1,0,1,0,0,1,0,0
26.42,3,4.8,1.98,0.22,16.49,60.7394,0,0,0,1,0,1,0,1,0,1,0,0
29.97,3,4.17,0.56,0.45,97.58,64.86420000000001,0,0,1,0,1,0,0,0,1,1,0,0
20.55,3,3.73,1.48,0.4,47.54,53.16,0,1,0,0,1,0,0,1,0,0,0,1
3.68,3,3.94,1.16,0.44,79.58,43.224,1,0,0,0,1,0,0,0,1,1,0,0
17.42,4,2.09,1.92,0.3,88.42,62.0624,1,0,0,0,1,0,0,0,1,1,0,0
40.34,1,3.85,0.87,0.15,29.11,43.31230000000001,0,0,1,0,0,1,0,0,1,1,0,0
1.23,1,3.53,1.3,0.38,106.74,45.6902,0,0,1,0,1,0,0,1,0,1,0,0
20.51,3,3.08,1.55,0.28,54.3,50.07450000000001,0,1,0,0,1,0,0,0,1,0,0,1
27.33,4,2.24,0.6,0.13,25.97,22.0141,1,0,0,0,1,0,1,0,0,1,0,0
46.07,3,2.58,0.79,0.43,113.36,87.7201,1,0,0,0,0,1,1,0,0,1,0,0
17.97,3,4.85,0.82,0.15,91.83,33.3599,0,0,1,0,0,1,0,1,0,1,0,0
18,1,3.23,1.61,0.46,28.92,45.513200000000005,0,0,0,1,1,0,0,1,0,1,0,0
37.14,3,3.4,0.78,0.45,43.84,52.0972,0,1,0,0,1,0,0,1,0,1,0,0
23.16,2,2.16,1.36,0.29,98.11,62.1095,0,0,1,0,1,0,1,0,0,1,0,0
23.17,2,4.15,1.79,0.35,93.07,78.1988,1,0,0,0,1,0,0,1,0,1,0,0
7.9,3,3.61,1.91,0.42,55.74,42.1098,1,0,0,0,1,0,0,0,1,1,0,0
9.64,4,3.53,1.28,0.29,87.39,39.4645,0,1,0,0,1,0,0,0,1,1,0,0
25.42,4,2.73,1.03,0.41,49.45,49.1871,0,1,0,0,1,0,0,1,0,0,0,1
126.54762829842768,1,4.23,0.85,0.28,29.3,224.9146628555729,1,0,0,0,0,1,0,1,0,1,0,0
45.83,3,2.5,0.57,0.48,61.945,65.9479,0,0,1,0,0,1,0,0,1,1,0,0
18.76,2,2.57,0.9,0.29,117.24,53.4536,1,0,0,0,1,0,1,0,0,1,0,0
1.64,2,2.74,1.92,0.43,82.51,41.3681,1,0,0,0,1,0,0,0,1,0,1,0
33.51,4,3.94,1.09,0.32,67.27,61.9923,1,0,0,0,0,1,0,1,0,0,1,0
9.72,2,3.95,1.54,0.17,101.99,36.2571,1,0,0,0,0,1,1,0,0,1,0,0
48.09,1,4.47,1.23,0.29,92.6,90.4747,1,0,0,0,0,1,1,0,0,1,0,0
8.28,4,3.25,1.27,0.49,11.7,19.4986,0,0,0,1,1,0,0,0,1,0,0,1
49.85,3,4.94,1.21,0.11,104.35,76.737,0,0,1,0,1,0,0,0,1,1,0,0
25.61,3,3.79,1.56,0.29,79.89,66.9097,0,1,0,0,1,0,1,0,0,1,0,0
30.17,4,4.13,1.91,0.36,103.47,99.0039,1,0,0,0,1,0,0,0,1,1,0,0
4.29,3,2.02,0.99,0.43,17.92,13.9727,0,0,1,0,1,0,0,0,1,0,1,0
37.75,2,3.55,0.56,0.12,44.99,30.0888,0,1,0,0,1,0,0,0,1,0,0,1
11.29,3,2.11,1.22,0.44,105.79,62.6572,0,1,0,0,1,0,0,0,1,1,0,0
45,3,3.71,1.32,0.32,28.19,72.13080000000001,0,1,0,0,0,1,1,0,0,1,0,0
11.05,4,4.76,0.75,0.18,14,15.5675,0,0,0,1,1,0,0,0,1,1,0,0
10.34,1,4.91,1.64,0.29,95.63,43.8625,0,0,1,0,1,0,0,0,1,1,0,0
2.79,1,3.62,1.98,0.21,101.08,30.371,0,1,0,0,1,0,0,1,0,1,0,0
24.13,1,3.37,1.92,0.31,23.71,57.0497,1,0,0,0,1,0,0,1,0,0,0,1
28.68,2,4.84,1.22,0.12,103.25,40.174,0,1,0,0,1,0,0,0,1,0,1,0
4.22,3,4.02,1.81,0.16,83.98,25.095,0,1,0,0,1,0,0,1,0,1,0,0
39,1,2.19,1.56,0.43,64.81,90.8983,0,1,0,0,0,1,0,1,0,1,0,0
23.21,4,3.4,1.18,0.15,100.48,45.85979999999999,1,0,0,0,1,0,0,0,1,1,0,0
26.7,1,2.72,1.31,0.19,53.21,47.8069,0,0,1,0,0,1,0,0,1,1,0,0
22.6,1,3.41,1.77,0.28,27.31,51.058800000000005,1,0,0,0,1,0,0,0,1,1,0,0
20.64,3,3.37,1.22,0.31,37.76,40.2564,0,0,0,1,1,0,0,1,0,1,0,0
28.42,3,3.75,1.06,0.41,63.09,59.74210000000001,0,0,0,1,1,0,0,0,1,0,0,1
8.61,3,3.07,1.24,0.28,66.1,32.2544,0,0,1,0,1,0,0,1,0,1,0,0
9.91,2,2.49,1.22,0.42,97.64,57.075500000000005,0,0,1,0,0,1,0,0,1,1,0,0
43.23,2,3.51,0.78,0.35,96.01,70.8329,0,0,1,0,1,0,0,1,0,0,1,0
47.36,1,3.53,1.85,0.15,71.86,102.885,0,1,0,0,1,0,0,1,0,1,0,0
19.29,3,3.99,1.51,0.16,94.79,48.2843,0,1,0,0,0,1,0,1,0,1,0,0
21.03,4,4.74,1.41,0.4,105.47,76.5803,0,1,0,0,1,0,0,1,0,1,0,0
2.24,3,2.63,0.68,0.33,13.69,8.6709,0,1,0,0,0,1,0,0,1,1,0,0
8.65,3,2.12,0.62,0.26,33.37,16.1592,1,0,0,0,1,0,0,0,1,0,1,0
36.08,4,3.53,1.29,0.17,84.96,65.2064,1,0,0,0,1,0,0,1,0,1,0,0
33.29,3,4.48,1.1,0.19,52.09,50.996100000000006,1,0,0,0,1,0,1,0,0,1,0,0
2.33,2,3.53,1.38,0.33,105.78,43.0228,0,0,1,0,1,0,0,1,0,0,1,0
11.88,2,4.67,0.63,0.27,39.27,22.7573,1,0,0,0,1,0,0,0,1,1,0,0
12.32,3,3.8,1.15,0.31,6.37,19.9427,1,0,0,0,1,0,0,1,0,1,0,0
33.92,4,3.59,0.76,0.17,39.58,36.09780000000001,0,1,0,0,0,1,0,1,0,1,0,0
1.97,1,2.08,1.98,0.37,71.48,32.428200000000004,1,0,0,0,1,0,0,0,1,1,0,0
6.1,3,2.74,1.34,0.29,48.23,32.1352,0,1,0,0,1,0,0,0,1,1,0,0
40.2,3,3.38,1.53,0.2,66.51,78.18800000000002,0,0,1,0,1,0,1,0,0,1,0,0
9.75,1,3.89,0.99,0.3,105.81,45.2855,1,0,0,0,0,1,0,0,1,1,0,0
32.98,3,3.67,0.64,0.49,109.94,78.64779999999999,0,0,1,0,1,0,1,0,0,1,0,0
12.67,1,3.53,1.96,0.23,35.59,37.2489,0,0,1,0,1,0,0,1,0,0,0,1
5.87,4,2.84,0.93,0.34,58.15,28.0701,0,1,0,0,0,1,0,1,0,1,0,0
36.39,4,2.26,1.47,0.34,114.15,94.5643,0,0,1,0,1,0,0,1,0,1,0,0
42.93,2,3.24,0.54,0.14,119.84,43.19980000000001,1,0,0,0,1,0,0,0,1,1,0,0
20.46,2,4.08,1.3,0.39,88.6,65.232,0,0,1,0,1,0,0,1,0,1,0,0
33.74,4,4.97,0.92,0.42,48.47,56.3682,1,0,0,0,1,0,1,0,0,0,1,0
11.04,2,2.83,0.59,0.38,5.93,11.596999999999998,0,1,0,0,0,1,1,0,0,1,0,0
15.36,1,3.49,0.74,0.34,6.06,16.9168,1,0,0,0,1,0,0,1,0,1,0,0
44.92,2,2.99,1.84,0.28,57.97,101.8744,0,0,1,0,1,0,0,1,0,1,0,0
1.64,3,3.32,1.53,0.44,61.16,32.7396,1,0,0,0,1,0,0,1,0,1,0,0
5.19,4,4.57,0.87,0.48,7.6,12.7333,0,1,0,0,1,0,0,1,0,0,1,0
11.19,3,4.05,0.6,0.3,84,35.964,1,0,0,0,1,0,0,1,0,1,0,0
2.3,1,3.53,1.54,0.47,38.81,26.4327,0,0,1,0,0,1,0,0,1,0,0,1
9.89,2,2.61,1.36,0.33,69.39,38.95910000000001,0,1,0,0,1,0,0,1,0,0,0,1
29.57,3,4.62,1.11,0.32,39.61,50.117900000000006,1,0,0,0,1,0,0,1,0,1,0,0
21.65,3,2.18,1.05,0.29,24.22,31.6941,0,1,0,0,1,0,1,0,0,1,0,0
44.74,2,4.67,0.83,0.18,51.82,51.1318,0,0,1,0,1,0,0,0,1,0,1,0
41.05,2,2.99,1.5,0.1,31.71,67.736,0,0,0,1,1,0,1,0,0,0,0,1
17.75,4,3.53,1.96,0.2,66.5,51.03,1,0,0,0,1,0,0,1,0,1,0,0
13.71,3,3.54,0.76,0.3,27.87,22.3206,1,0,0,0,1,0,0,1,0,1,0,0
19.6,3,4.82,1.4,0.29,63.47,48.127500000000005,0,0,1,0,1,0,0,0,1,1,0,0
14.14,4,3.06,1.22,0.49,82.16,59.8622,0,1,0,0,1,0,0,1,0,1,0,0
31.58,1,4.57,0.88,0.24,91.7,54.3684,0,0,0,1,0,1,0,0,1,0,1,0
21.06,3,3.19,1.74,0.28,17.7,44.7904,1,0,0,0,0,1,0,0,1,1,0,0
28.05,1,2.6,1.23,0.15,58.8,45.9215,1,0,0,0,1,0,0,0,1,1,0,0
22.37,3,3.27,1.32,0.12,13.15,34.376400000000004,0,1,0,0,1,0,0,0,1,1,0,0
15.43,3,3.16,0.96,0.41,73.79,48.2267,0,1,0,0,0,1,0,0,1,1,0,0
47.47,1,4.75,1.22,0.33,35.41,52.9872,1,0,0,0,0,1,0,1,0,1,0,0
38.42,1,4.29,0.63,0.4,65.68,54.76660000000001,1,0,0,0,1,0,0,1,0,1,0,0
7.87,2,3.52,1.57,0.16,64.51,26.1975,1,0,0,0,1,0,0,1,0,1,0,0
24.88,2,3.4,1.54,0.2,68.14,55.3432,0,0,1,0,0,1,1,0,0,1,0,0
44.83,3,2.17,1.09,0.19,72.04,64.7223,1,0,0,0,0,1,0,0,1,0,0,1
40.19,1,2.79,1.12,0.1,51.19,52.9218,1,0,0,0,1,0,0,0,1,1,0,0
21.84,4,3.31,1.2,0.15,114.14,46.639,0,1,0,0,1,0,0,1,0,1,0,0
2.1,3,3.53,1.05,0.22,94.38,25.4386,0,0,1,0,0,1,0,1,0,1,0,0
14.17,4,4.84,0.65,0.15,37.82,19.7235,1,0,0,0,0,1,0,1,0,0,0,1
27.54,1,4.3,0.96,0.49,102.08,80.7576,1,0,0,0,0,1,0,1,0,1,0,0
32.04,3,3.53,1.5,0.22,54.73,62.9006,1,0,0,0,0,1,0,1,0,1,0,0
13.64,4,3.77,1.5,0.15,100.3,39.275,0,0,1,0,1,0,0,0,1,0,1,0
7.83,4,4.16,0.93,0.18,99.63,29.3753,1,0,0,0,1,0,0,0,1,1,0,0
41.91,2,4.82,1.19,0.34,26.72,63.7777,1,0,0,0,1,0,0,0,1,1,0,0
49.24,2,4.64,0.79,0.13,85.63,54.67150000000001,1,0,0,0,1,0,0,0,1,1,0,0
26.76,2,3.55,0.82,0.44,38.42,42.398,1,0,0,0,1,0,1,0,0,1,0,0
9.41,3,4.32,0.53,0.48,39.21,28.1281,1,0,0,0,0,1,0,1,0,1,0,0
14.34,1,3.69,1.85,0.29,61.945,38.035,0,1,0,0,1,0,0,1,0,0,1,0
1.9,1,3.66,0.82,0.28,88.44,29.9812,0,0,1,0,0,1,0,1,0,1,0,0
6.77,2,2.38,0.92,0.36,5.1,10.4444,1,0,0,0,0,1,1,0,0,1,0,0
14.43,4,2.81,1.46,0.21,24.69,29.0627,0,0,1,0,1,0,1,0,0,1,0,0
28.15,2,2.06,0.61,0.18,17.02,22.2951,1,0,0,0,1,0,1,0,0,1,0,0
32.92,4,4.17,0.7,0.36,32.31,38.8456,0,1,0,0,1,0,0,1,0,1,0,0
11.11,3,3.79,1.01,0.17,59.73,25.1652,0,1,0,0,0,1,0,0,1,1,0,0
1.54,3,3.62,1.56,0.38,10.13,9.8718,1,0,0,0,1,0,1,0,0,1,0,0
7.71,3,4.91,1.22,0.33,116.62,53.726,1,0,0,0,1,0,0,1,0,1,0,0
45.1,3,3.53,0.88,0.44,87.35,81.572,0,0,1,0,1,0,0,0,1,1,0,0
43.82,4,2.19,1.48,0.15,42.17,73.3691,1,0,0,0,1,0,0,1,0,1,0,0
30.27,4,3.66,0.67,0.41,41.65,41.0174,1,0,0,0,0,1,0,0,1,1,0,0
30.43,2,4.52,1.3,0.37,56.58,65.0136,0,0,1,0,0,1,0,0,1,1,0,0
33.59,4,4.99,1.16,0.15,77.02,55.5074,0,0,1,0,1,0,0,0,1,1,0,0
9.59,2,3.29,0.9,0.38,21.83,20.2164,1,0,0,0,0,1,1,0,0,1,0,0
45.81,2,3.53,1.41,0.28,26.73,75.03649999999999,0,1,0,0,1,0,1,0,0,1,0,0
21.52,3,4.72,1.81,0.48,103.83,93.5096,0,0,0,1,0,1,1,0,0,0,1,0
19.77,4,2.57,2,0.16,34.47,47.6252,0,0,0,1,1,0,0,1,0,1,0,0
26.43,4,3.85,1.41,0.36,48.72,58.65549999999999,1,0,0,0,0,1,0,0,1,1,0,0
3.3,2,3.22,1.11,0.25,105.2,33.183,1,0,0,0,0,1,0,1,0,1,0,0
9.15,2,2.12,0.84,0.48,81.26,48.8108,1,0,0,0,1,0,0,0,1,0,0,1
37.16,1,3.04,0.89,0.23,44.3,46.3014,0,1,0,0,0,1,0,0,1,0,0,1
5.06,1,2.8,1.22,0.48,83.63,49.11559999999999,0,0,1,0,1,0,0,0,1,1,0,0
13.02,1,4.85,1.87,0.29,89.6,48.0134,0,1,0,0,1,0,1,0,0,1,0,0
20.08,1,2.8,1.05,0.42,61.945,49.5082,1,0,0,0,0,1,0,1,0,1,0,0
15.15,2,4.43,1.06,0.5,98.52,69.749,1,0,0,0,0,1,0,1,0,1,0,0
18.43,2,2.17,1.08,0.2,114.78,45.03040000000001,1,0,0,0,0,1,0,1,0,1,0,0
36.23,4,3.61,1.22,0.27,61.945,97.1094,0,0,1,0,0,1,0,1,0,0,1,0
15.56,2,2.21,1.48,0.29,109.57,59.2055,1,0,0,0,1,0,0,1,0,0,1,0
28.75,2,4.8,1.42,0.22,63.9,59.68299999999999,1,0,0,0,0,1,1,0,0,0,1,0
24.33,3,4.3,1,0.11,46.42,33.7362,0,0,1,0,1,0,1,0,0,1,0,0
46.9,4,4.47,0.56,0.21,84.34,48.44540000000001,0,1,0,0,1,0,1,0,0,1,0,0
36.9,4,3.94,1.81,0.28,106.66,100.5938,0,0,1,0,0,1,0,1,0,1,0,0
11.53,3,4.91,1.27,0.17,61.945,24.4491,1,0,0,0,0,1,0,1,0,0,1,0
2.53,2,4.14,1.1,0.45,110.59,56.688500000000005,0,0,1,0,1,0,0,0,1,1,0,0
13.85,4,4.77,1.25,0.38,98.75,59.6075,0,0,0,1,1,0,0,0,1,1,0,0
3.52,2,2.35,1.22,0.36,106.23,42.4232,1,0,0,0,1,0,0,1,0,1,0,0
25.32,4,3.58,1.81,0.36,37.19,62.7976,0,1,0,0,0,1,0,0,1,0,1,0
30.25,2,2.38,1.17,0.48,17.18,46.0189,0,1,0,0,0,1,0,0,1,1,0,0
17.38,2,3.78,1.01,0.1,17.91,23.1248,0,0,1,0,1,0,0,1,0,0,1,0
38.77,1,3.45,0.71,0.2,38.49,38.6747,0,1,0,0,1,0,0,0,1,1,0,0
6.22,4,3.87,1.16,0.47,75.63,46.6313,1,0,0,0,0,1,0,0,1,1,0,0
4.68,4,2.03,1.24,0.47,97.5,53.6582,1,0,0,0,0,1,0,0,1,0,1,0
36.68,4,2.58,1.11,0.39,108.41,85.5747,0,0,1,0,1,0,0,1,0,1,0,0
25.28,3,3.47,1.52,0.29,76.73,73.3549,0,0,1,0,0,1,0,0,1,0,0,1
34.73,4,4.85,1.13,0.14,5.65,44.88589999999999,0,1,0,0,1,0,0,1,0,1,0,0
22.31,2,3.15,1.94,0.31,26.43,54.6247,1,0,0,0,1,0,0,1,0,1,0,0
13.07,2,3.27,1.4,0.19,16.47,24.6973,1,0,0,0,0,1,0,0,1,1,0,0
41.14,3,4.14,1.71,0.17,46.78,82.44200000000001,0,1,0,0,0,1,0,0,1,0,1,0
40.17,3,3.81,0.66,0.42,62.66,56.6394,0,1,0,0,1,0,0,1,0,1,0,0
14.34,1,3.23,1.01,0.29,45.07,30.7837,1,0,0,0,1,0,0,0,1,1,0,0
18.69,3,4.9,1.79,0.17,79.41,51.8548,0,1,0,0,1,0,0,0,1,1,0,0
5.49,4,2.39,0.62,0.49,58.39,34.4049,1,0,0,0,0,1,0,0,1,1,0,0
45.95,4,3.12,0.61,0.29,61.96,62.12950000000001,0,0,0,1,1,0,0,0,1,1,0,0
7.7,3,2.08,1.78,0.29,54.18,33.1236,0,0,1,0,1,0,0,1,0,0,1,0
47.56,1,2.67,0.82,0.17,114.94,61.209,0,0,1,0,1,0,0,1,0,1,0,0
22.85,3,4.34,1.22,0.23,29.69,45.44370000000001,0,0,1,0,0,1,0,0,1,1,0,0
