Date,Close/Last,Volume,Open,High,Low
12/06/2024,$254.14,843545,$254.61,$256.13,$253.725
12/05/2024,$255.54,825278,$255.29,$256.13,$253.82
12/04/2024,$253.61,895022,$249.59,$254.72,$248.70
12/03/2024,$243.90,788583,$242.31,$245.02,$242.00
12/02/2024,$241.59,799570,$239.72,$242.24,$238.23
11/29/2024,$237.60,420898,$234.38,$237.93,$234.06
11/27/2024,$232.02,961865,$232.46,$233.228,$231.55
11/26/2024,$235.06,804861,$234.41,$235.135,$233.33
11/25/2024,$233.81,616801,$237.17,$237.23,$233.26
11/22/2024,$236.25,750754,$235.74,$236.76,$234.255
11/21/2024,$236.03,947160,$234.54,$236.65,$233.26
11/20/2024,$235.02,603955,$234.11,$235.03,$231.29
11/19/2024,$233.20,614153,$229.99,$233.69,$229.72
11/18/2024,$231.30,611056,$229.70,$231.57,$229.26
11/15/2024,$228.31,824373,$228.90,$229.37,$227.52
11/14/2024,$231.40,831687,$232.13,$234.24,$231.275
11/13/2024,$230.00,1488511,$231.60,$232.78,$228.43
11/12/2024,$234.47,888077,$235.89,$236.615,$233.14
11/11/2024,$235.86,856107,$237.40,$237.57,$234.62
11/08/2024,$237.56,706553,$239.14,$239.23,$236.74
11/07/2024,$240.19,839816,$236.74,$240.372,$236.69
11/06/2024,$231.30,1821838,$229.88,$231.63,$228.26
11/05/2024,$235.90,836254,$234.08,$236.20,$234.02
11/04/2024,$232.83,416676,$233.04,$233.45,$231.675
11/01/2024,$233.11,745743,$234.80,$235.56,$233.11
10/31/2024,$233.64,890508,$235.95,$235.95,$231.45
10/30/2024,$237.35,820826,$238.70,$240.5599,$237.19
10/29/2024,$242.31,802330,$240.50,$243.01,$240.00
10/28/2024,$240.28,874605,$240.82,$240.99,$239.73
10/25/2024,$237.69,741545,$238.89,$240.08,$237.445
10/24/2024,$238.30,1369560,$237.20,$238.48,$236.32
10/23/2024,$234.59,1099303,$235.12,$236.81,$234.085
10/22/2024,$232.32,2155042,$236.41,$237.72,$231.0903
10/21/2024,$229.48,1525483,$229.87,$230.84,$228.12
10/18/2024,$230.44,654181,$229.70,$231.60,$229.39
10/17/2024,$228.84,576378,$229.71,$229.97,$227.68
10/16/2024,$229.44,917466,$230.08,$230.25,$228.49
10/15/2024,$229.52,1066860,$231.66,$231.86,$227.825
10/14/2024,$231.80,678988,$230.27,$232.23,$230.179
10/11/2024,$228.15,553546,$226.18,$228.63,$225.67
10/10/2024,$224.77,685919,$224.89,$225.4999,$223.70
10/09/2024,$228.90,762731,$225.58,$228.91,$225.54
10/08/2024,$226.63,1102771,$223.76,$226.79,$223.26
10/07/2024,$218.13,803217,$220.41,$220.69,$217.515
10/04/2024,$220.88,955321,$220.31,$221.04,$219.47
10/03/2024,$220.47,756900,$221.53,$221.84,$219.86
10/02/2024,$224.63,534746,$223.59,$225.57,$222.33
10/01/2024,$225.81,731711,$230.63,$230.67,$224.735
09/30/2024,$229.10,488481,$229.60,$229.89,$227.2824
09/27/2024,$228.00,618074,$228.64,$229.68,$227.73
09/26/2024,$228.11,1056964,$229.64,$229.64,$226.66
09/25/2024,$223.29,1305230,$224.96,$225.92,$223.29
09/24/2024,$230.93,572979,$229.92,$231.13,$228.26
09/23/2024,$230.44,374910,$230.47,$230.85,$229.77
09/20/2024,$228.81,577778,$229.18,$229.28,$227.01
09/19/2024,$228.97,784407,$229.14,$230.19,$228.2712
09/18/2024,$221.88,590989,$222.46,$224.05,$221.15
09/17/2024,$222.06,621758,$223.26,$223.51,$221.3423
09/16/2024,$223.60,645964,$223.52,$223.90,$222.3001
09/13/2024,$221.28,549122,$221.20,$222.65,$220.73
09/12/2024,$221.01,562658,$218.46,$221.18,$217.88
09/11/2024,$217.62,732711,$214.82,$217.93,$212.11
09/10/2024,$213.92,1422087,$213.395,$214.56,$210.805
09/09/2024,$213.98,836033,$212.08,$214.535,$211.66
09/06/2024,$211.33,682395,$214.31,$214.81,$210.38
09/05/2024,$212.60,1305020,$212.51,$214.19,$211.92
09/04/2024,$215.43,586936,$213.74,$216.22,$213.41
09/03/2024,$216.49,779674,$220.34,$220.525,$215.52
08/30/2024,$219.71,355957,$218.85,$219.85,$217.59
08/29/2024,$218.78,736358,$219.45,$221.24,$218.25
08/28/2024,$216.93,642894,$218.63,$219.04,$216.59
08/27/2024,$217.83,1007363,$216.55,$218.655,$216.38
08/26/2024,$215.86,1566563,$217.41,$217.79,$215.86
08/23/2024,$219.15,1285335,$218.03,$220.13,$217.46
08/22/2024,$217.25,1449649,$219.68,$220.10,$217.15
08/21/2024,$218.87,471821,$218.82,$219.50,$217.80
08/20/2024,$217.77,567976,$219.18,$220.12,$217.13
08/19/2024,$219.04,558677,$216.16,$219.06,$215.895
08/16/2024,$216.17,546550,$215.63,$217.1025,$215.16
08/15/2024,$214.94,543243,$213.48,$215.515,$213.44
08/14/2024,$212.55,710997,$211.97,$212.785,$210.83
08/13/2024,$211.02,413220,$208.46,$211.36,$208.24
08/12/2024,$205.98,521247,$207.08,$207.80,$205.51
08/09/2024,$208.53,593303,$205.755,$208.99,$205.755
08/08/2024,$206.28,1038268,$203.09,$206.95,$201.71
08/07/2024,$201.59,715138,$203.88,$205.91,$201.36
08/06/2024,$201.73,898754,$201.29,$204.55,$201.03
08/05/2024,$199.03,1473943,$195.10,$200.78,$194.93
08/02/2024,$204.72,1144568,$204.08,$204.99,$202.67
08/01/2024,$205.56,681867,$208.69,$211.09,$204.35
07/31/2024,$211.60,491452,$210.71,$212.435,$209.70
07/30/2024,$206.76,1045553,$207.79,$208.68,$206.37
07/29/2024,$209.20,1005314,$211.27,$211.85,$208.69
07/26/2024,$213.45,688337,$211.71,$214.05,$210.91
07/25/2024,$210.81,1378093,$210.28,$213.77,$208.90
07/24/2024,$209.40,1380749,$211.85,$212.33,$208.97
07/23/2024,$214.76,2594221,$212.56,$214.94,$211.00
07/22/2024,$200.47,1058545,$199.23,$201.30,$199.04
07/19/2024,$197.21,699570,$196.76,$198.62,$196.655
07/18/2024,$197.23,795766,$200.63,$200.77,$196.14
07/17/2024,$200.01,790531,$201.51,$202.16,$199.17
07/16/2024,$204.87,425757,$204.49,$204.91,$203.50
07/15/2024,$203.51,493669,$205.33,$205.71,$203.25
07/12/2024,$205.11,635298,$202.88,$206.34,$202.47
07/11/2024,$201.73,612985,$203.77,$204.135,$201.37
07/10/2024,$202.29,465931,$201.27,$202.415,$200.59
07/09/2024,$200.28,654171,$202.65,$202.65,$199.585
07/08/2024,$202.79,544975,$205.65,$205.73,$202.46
07/05/2024,$205.94,552350,$205.71,$206.08,$203.73
07/03/2024,$203.02,471633,$201.16,$203.25,$201.11
07/02/2024,$198.58,596360,$197.68,$199.33,$197.5469
07/01/2024,$199.42,753359,$200.54,$200.84,$198.58
06/28/2024,$201.71,843472,$201.76,$204.332,$200.89
06/27/2024,$200.75,763223,$199.67,$201.4499,$199.6121
06/26/2024,$198.59,1205798,$197.33,$199.34,$197.04
06/25/2024,$195.74,696221,$193.01,$195.79,$192.41
06/24/2024,$191.69,709854,$192.14,$193.33,$191.59
06/21/2024,$194.16,650838,$192.88,$194.30,$192.01
06/20/2024,$191.47,1168790,$190.49,$193.44,$190.21
06/18/2024,$188.62,681623,$188.80,$189.8212,$188.45
06/17/2024,$190.02,1070256,$188.71,$190.409,$188.17
06/14/2024,$187.82,1359746,$188.16,$188.69,$186.50
06/13/2024,$192.42,909625,$195.10,$195.52,$190.33
06/12/2024,$197.20,1325123,$195.17,$197.4311,$194.90
06/11/2024,$188.74,1006310,$187.19,$189.55,$186.40
06/10/2024,$190.24,456357,$188.83,$190.515,$188.755
06/07/2024,$191.10,512919,$191.73,$192.33,$190.91
06/06/2024,$193.04,852121,$194.31,$194.47,$192.70
06/05/2024,$188.75,697672,$186.17,$188.78,$185.37
06/04/2024,$184.22,470463,$184.00,$184.99,$183.23
06/03/2024,$184.24,755011,$183.90,$184.40,$181.8401
05/31/2024,$182.44,848719,$181.98,$182.6499,$179.4311
05/30/2024,$180.25,1950765,$185.25,$185.53,$179.76
05/29/2024,$190.37,747464,$189.96,$191.14,$189.74
05/28/2024,$192.52,794943,$193.91,$194.04,$191.67
05/24/2024,$195.38,651789,$194.62,$195.64,$193.26
05/23/2024,$195.02,844081,$196.75,$196.9875,$193.9701
05/22/2024,$193.91,540824,$194.00,$195.08,$193.63
05/21/2024,$194.72,843010,$195.19,$195.81,$194.59
05/20/2024,$195.30,701764,$194.14,$195.75,$193.85
05/17/2024,$192.80,570039,$191.12,$193.09,$190.80
05/16/2024,$190.67,855457,$192.55,$192.91,$190.64
05/15/2024,$192.44,528353,$189.98,$192.45,$189.84
05/14/2024,$189.70,495758,$189.15,$189.93,$188.527
05/13/2024,$189.96,356188,$190.91,$191.20,$189.705
05/10/2024,$190.05,541770,$189.70,$190.69,$189.41
05/09/2024,$191.99,652583,$190.41,$192.03,$190.18
05/08/2024,$190.31,907600,$188.89,$190.37,$188.64
05/07/2024,$187.54,483637,$187.04,$188.305,$186.65
05/06/2024,$185.41,419159,$183.99,$185.47,$183.72
05/03/2024,$183.45,377178,$183.61,$184.26,$182.83
05/02/2024,$180.64,731401,$181.49,$181.64,$179.71
05/01/2024,$180.07,622186,$181.70,$183.43,$179.153
04/30/2024,$181.21,773268,$182.65,$183.46,$180.92
04/29/2024,$183.77,477571,$184.77,$184.85,$183.07
04/26/2024,$186.18,920934,$185.69,$186.87,$185.58
04/25/2024,$185.09,1557175,$181.37,$185.27,$180.16
04/24/2024,$188.07,1188988,$188.53,$189.27,$186.61
04/23/2024,$188.01,1649249,$184.83,$188.25,$184.82
04/22/2024,$178.18,1062911,$176.59,$178.99,$176.14
04/19/2024,$175.77,954206,$178.21,$178.63,$175.08
04/18/2024,$178.64,1502909,$179.91,$180.83,$178.08
04/17/2024,$179.94,489789,$181.76,$181.76,$179.23
04/16/2024,$180.56,799423,$181.50,$182.34,$180.13
04/15/2024,$180.23,529741,$184.17,$184.45,$180.20
04/12/2024,$180.78,986987,$181.59,$182.75,$180.57
04/11/2024,$185.67,1037220,$183.98,$185.97,$181.99
04/10/2024,$184.22,682379,$184.88,$185.83,$183.50
04/09/2024,$187.89,995403,$189.80,$190.13,$186.71
04/08/2024,$191.63,519609,$192.78,$193.46,$191.59
04/05/2024,$191.82,639292,$191.41,$193.23,$190.95
04/04/2024,$191.03,1249411,$193.22,$194.02,$191.03
04/03/2024,$193.24,870007,$190.96,$193.58,$190.87
04/02/2024,$192.12,644920,$192.33,$192.55,$190.33
04/01/2024,$196.03,554245,$196.37,$197.02,$195.375
03/28/2024,$195.03,376225,$195.49,$196.30,$194.495
03/27/2024,$197.09,852713,$199.20,$199.285,$196.28
03/26/2024,$196.66,557011,$197.68,$198.56,$196.58
03/25/2024,$195.28,419485,$195.15,$196.24,$194.78
03/22/2024,$195.35,533334,$194.52,$195.9512,$193.72
03/21/2024,$194.81,617682,$192.40,$196.605,$192.07
03/20/2024,$190.38,412579,$188.77,$190.54,$188.05
03/19/2024,$188.71,442609,$187.68,$188.745,$187.10
03/18/2024,$186.77,684500,$188.60,$189.04,$186.57
03/15/2024,$188.31,756545,$188.72,$188.85,$187.195
03/14/2024,$190.45,658958,$191.96,$192.515,$189.50
03/13/2024,$192.51,676501,$192.88,$193.03,$191.35
03/12/2024,$193.83,668167,$191.30,$193.93,$190.67
03/11/2024,$189.83,1213558,$188.52,$190.10,$188.37
03/08/2024,$192.99,647394,$194.25,$194.82,$192.39
03/07/2024,$195.57,961447,$193.25,$195.99,$193.12
03/06/2024,$190.68,599608,$190.20,$191.775,$189.96
03/05/2024,$187.46,816137,$191.23,$191.34,$186.59
03/04/2024,$190.82,659303,$189.36,$191.33,$189.18
03/01/2024,$188.53,641329,$187.03,$188.57,$186.81
02/29/2024,$187.87,591737,$187.34,$188.20,$186.13
02/28/2024,$186.67,533617,$186.99,$187.09,$186.09
02/27/2024,$189.17,786956,$188.44,$189.83,$188.05
02/26/2024,$187.51,611990,$187.84,$188.14,$187.29
02/23/2024,$184.22,731190,$183.50,$184.455,$183.18
02/22/2024,$181.69,573375,$180.33,$181.70,$180.21
02/21/2024,$175.92,494712,$175.36,$176.05,$174.88
02/20/2024,$176.60,471800,$177.08,$177.62,$175.71
02/16/2024,$176.91,456640,$176.62,$178.09,$175.96
02/15/2024,$177.60,581056,$177.26,$177.63,$176.37
02/14/2024,$177.47,583640,$175.87,$177.51,$175.83
02/13/2024,$173.98,1023596,$173.25,$174.60,$173.09
02/12/2024,$179.39,607302,$179.89,$180.83,$179.085
02/09/2024,$181.55,446953,$181.66,$181.935,$180.845
02/08/2024,$181.16,557988,$180.50,$181.18,$180.26
02/07/2024,$181.18,619881,$180.07,$181.57,$179.94
02/06/2024,$178.79,602302,$179.17,$179.425,$178.047
02/05/2024,$177.04,660972,$176.28,$177.49,$175.84
02/02/2024,$177.06,851528,$176.50,$177.545,$175.65
02/01/2024,$177.22,601590,$175.11,$177.32,$174.95
01/31/2024,$173.10,685907,$175.64,$176.08,$173.05
01/30/2024,$175.73,631615,$176.40,$176.60,$175.25
01/29/2024,$176.34,642023,$174.16,$176.45,$173.94
01/26/2024,$173.68,1070480,$173.31,$174.12,$173.045
01/25/2024,$173.44,1773740,$175.95,$175.97,$172.325
01/24/2024,$174.61,2737603,$174.55,$176.39,$173.26
01/23/2024,$163.38,1157120,$161.19,$163.39,$161.07
01/22/2024,$163.21,762664,$162.88,$163.73,$162.69
01/19/2024,$163.45,763778,$161.18,$163.72,$161.13
01/18/2024,$160.43,967139,$159.01,$160.525,$158.94
01/17/2024,$157.78,615754,$156.82,$157.905,$155.82
01/16/2024,$156.82,523758,$156.78,$157.45,$156.28
01/12/2024,$158.54,603927,$157.98,$158.93,$157.67
01/11/2024,$156.51,484700,$156.65,$157.255,$154.96
01/10/2024,$155.84,961834,$154.84,$156.26,$154.24
01/09/2024,$152.15,466594,$151.16,$152.45,$151.16
01/08/2024,$152.56,606285,$151.43,$152.69,$151.36
01/05/2024,$149.85,576290,$149.47,$151.09,$149.445
01/04/2024,$148.52,905709,$149.54,$149.75,$148.38
01/03/2024,$149.79,945412,$150.00,$150.47,$149.4346
01/02/2024,$150.21,918351,$151.17,$151.28,$149.73
12/29/2023,$154.59,432252,$154.00,$155.06,$154.00
12/28/2023,$154.33,1295536,$155.14,$155.56,$154.33
12/27/2023,$155.90,911615,$154.86,$156.00,$154.825
12/26/2023,$153.18,279751,$152.52,$153.44,$152.52
12/22/2023,$152.70,448398,$152.03,$152.89,$151.87
12/21/2023,$152.18,759445,$151.32,$152.21,$150.84
12/20/2023,$151.14,901881,$153.45,$153.66,$150.88
12/19/2023,$155.08,1018655,$155.08,$155.515,$151.00
12/18/2023,$154.90,933339,$154.48,$155.13,$153.645
12/15/2023,$153.50,1251227,$154.40,$154.77,$153.20
12/14/2023,$156.01,1090317,$156.68,$157.15,$155.1304
12/13/2023,$159.77,859836,$158.48,$159.84,$157.44
12/12/2023,$158.26,736404,$157.79,$159.18,$157.79
12/11/2023,$159.13,1078737,$156.51,$159.18,$156.51
