what,kind,bundleId,bundleVersion,description,time
stopped,bundle,org.eclipse.cdt.launch.remote,2.3.0.201202111925,"org.eclipse.cdt.launch.remote",1758443424061
stopped,bundle,org.eclipse.cdt.debug.mi.ui,6.1.1.201202111925,"org.eclipse.cdt.debug.mi.ui",1758443424065
stopped,bundle,org.eclipse.cdt.debug.mi.core,7.1.1.201202111925,"org.eclipse.cdt.debug.mi.core",1758443424069
activated,perspective,org.eclipse.cdt.ui,,"org.eclipse.cdt.ui.CPerspective",1758467848253
started,bundle,org.eclipse.osgi,3.7.2.v20120110-1415,"org.eclipse.osgi",1758467848253
started,bundle,org.eclipse.equinox.simpleconfigurator,1.0.200.v20110815-1438,"org.eclipse.equinox.simpleconfigurator",1758467848254
started,bundle,com.ibm.icu,4.4.2.v20110823,"com.ibm.icu",1758467848254
started,bundle,org.eclipse.cdt.codan.checkers,1.0.1.201202111925,"org.eclipse.cdt.codan.checkers",1758467848255
started,bundle,org.eclipse.cdt.codan.core,2.0.0.201202111925,"org.eclipse.cdt.codan.core",1758467848255
started,bundle,org.eclipse.cdt.codan.core.cxx,1.0.0.201202111925,"org.eclipse.cdt.codan.core.cxx",1758467848255
started,bundle,org.eclipse.cdt.codan.ui,2.0.1.201202111925,"org.eclipse.cdt.codan.ui",1758467848256
started,bundle,org.eclipse.cdt.codan.ui.cxx,2.0.0.201202111925,"org.eclipse.cdt.codan.ui.cxx",1758467848256
started,bundle,org.eclipse.cdt.core,5.3.2.201202111925,"org.eclipse.cdt.core",1758467848256
started,bundle,org.eclipse.cdt.make.core,7.1.2.201202111925,"org.eclipse.cdt.make.core",1758467848256
started,bundle,org.eclipse.cdt.make.ui,7.1.2.201202111925,"org.eclipse.cdt.make.ui",1758467848257
started,bundle,org.eclipse.cdt.managedbuilder.core,8.0.2.201202111925,"org.eclipse.cdt.managedbuilder.core",1758467848257
started,bundle,org.eclipse.cdt.managedbuilder.gnu.ui,8.0.2.201202111925,"org.eclipse.cdt.managedbuilder.gnu.ui",1758467848257
started,bundle,org.eclipse.cdt.msw.build,1.0.0.201202111925,"org.eclipse.cdt.msw.build",1758467848257
started,bundle,org.eclipse.cdt.ui,5.3.2.201202111925,"org.eclipse.cdt.ui",1758467848257
started,bundle,org.eclipse.compare.core,3.5.200.I20110208-0800,"org.eclipse.compare.core",1758467848258
started,bundle,org.eclipse.core.contenttype,3.4.100.v20110423-0524,"org.eclipse.core.contenttype",1758467848258
started,bundle,org.eclipse.core.databinding.observable,1.4.0.I20110222-0800,"org.eclipse.core.databinding.observable",1758467848259
started,bundle,org.eclipse.core.expressions,3.4.300.v20110228,"org.eclipse.core.expressions",1758467848259
started,bundle,org.eclipse.core.filebuffers,3.5.200.v20110928-1504,"org.eclipse.core.filebuffers",1758467848259
started,bundle,org.eclipse.core.filesystem,1.3.100.v20110423-0524,"org.eclipse.core.filesystem",1758467848260
started,bundle,org.eclipse.core.jobs,3.5.101.v20120113-1953,"org.eclipse.core.jobs",1758467848260
started,bundle,org.eclipse.core.net,1.2.100.I20110511-0800,"org.eclipse.core.net",1758467848261
started,bundle,org.eclipse.core.resources,3.7.101.v20120125-1505,"org.eclipse.core.resources",1758467848261
started,bundle,org.eclipse.core.runtime,3.7.0.v20110110,"org.eclipse.core.runtime",1758467848261
started,bundle,org.eclipse.core.runtime.compatibility,3.2.100.v20100505,"org.eclipse.core.runtime.compatibility",1758467848261
started,bundle,org.eclipse.core.runtime.compatibility.auth,3.2.200.v20110110,"org.eclipse.core.runtime.compatibility.auth",1758467848262
started,bundle,org.eclipse.core.variables,3.2.500.v20110928-1503,"org.eclipse.core.variables",1758467848262
started,bundle,org.eclipse.debug.core,3.7.1.v20111129-2031,"org.eclipse.debug.core",1758467848262
started,bundle,org.eclipse.egit.core,1.3.0.201202151440-r,"org.eclipse.egit.core",1758467848263
started,bundle,org.eclipse.egit.ui,1.3.0.201202151440-r,"org.eclipse.egit.ui",1758467848264
started,bundle,org.eclipse.epp.mpc.ui,1.1.1.I20110907-0947,"org.eclipse.epp.mpc.ui",1758467848264
started,bundle,org.eclipse.epp.usagedata.gathering,1.3.1.R201106061540,"org.eclipse.epp.usagedata.gathering",1758467848264
started,bundle,org.eclipse.epp.usagedata.recording,1.3.1.R201106061540,"org.eclipse.epp.usagedata.recording",1758467848265
started,bundle,org.eclipse.equinox.app,1.3.100.v20110321,"org.eclipse.equinox.app",1758467848265
started,bundle,org.eclipse.equinox.common,3.6.0.v20110523,"org.eclipse.equinox.common",1758467848265
started,bundle,org.eclipse.equinox.ds,1.3.1.R37x_v20110701,"org.eclipse.equinox.ds",1758467848266
started,bundle,org.eclipse.equinox.event,1.2.100.v20110502,"org.eclipse.equinox.event",1758467848266
started,bundle,org.eclipse.equinox.p2.core,2.1.1.v20120113-1346,"org.eclipse.equinox.p2.core",1758467848266
started,bundle,org.eclipse.equinox.p2.directorywatcher,1.0.300.v20110815-1419,"org.eclipse.equinox.p2.directorywatcher",1758467848267
started,bundle,org.eclipse.equinox.p2.engine,2.1.1.R37x_v20111003,"org.eclipse.equinox.p2.engine",1758467848267
started,bundle,org.eclipse.equinox.p2.metadata,2.1.0.v20110815-1419,"org.eclipse.equinox.p2.metadata",1758467848268
started,bundle,org.eclipse.equinox.p2.metadata.repository,1.2.0.v20110815-1419,"org.eclipse.equinox.p2.metadata.repository",1758467848268
started,bundle,org.eclipse.equinox.p2.operations,2.1.1.R37x_v20111111,"org.eclipse.equinox.p2.operations",1758467848269
started,bundle,org.eclipse.equinox.p2.reconciler.dropins,1.1.100.v20110815-1419,"org.eclipse.equinox.p2.reconciler.dropins",1758467848270
started,bundle,org.eclipse.equinox.p2.repository,2.1.1.v20120113-1346,"org.eclipse.equinox.p2.repository",1758467848270
started,bundle,org.eclipse.equinox.p2.ui.sdk.scheduler,1.0.100.v20110815-1419,"org.eclipse.equinox.p2.ui.sdk.scheduler",1758467848271
started,bundle,org.eclipse.equinox.p2.updatechecker,1.1.200.v20110815-1419,"org.eclipse.equinox.p2.updatechecker",1758467848271
started,bundle,org.eclipse.equinox.preferences,3.4.2.v20120111-2020,"org.eclipse.equinox.preferences",1758467848272
started,bundle,org.eclipse.equinox.registry,3.5.101.R37x_v20110810-1611,"org.eclipse.equinox.registry",1758467848272
started,bundle,org.eclipse.equinox.security,1.1.1.R37x_v20110822-1018,"org.eclipse.equinox.security",1758467848273
started,bundle,org.eclipse.equinox.util,1.0.300.v20110502,"org.eclipse.equinox.util",1758467848274
started,bundle,org.eclipse.help,3.5.100.v20110426,"org.eclipse.help",1758467848274
started,bundle,org.eclipse.jface,3.7.0.v20110928-1505,"org.eclipse.jface",1758467848274
started,bundle,org.eclipse.jgit,1.3.0.201202151440-r,"org.eclipse.jgit",1758467848275
started,bundle,org.eclipse.jsch.core,1.1.300.I20110514-0800,"org.eclipse.jsch.core",1758467848276
started,bundle,org.eclipse.linuxtools.cdt.autotools.core,1.0.2.201202152032,"org.eclipse.linuxtools.cdt.autotools.core",1758467848276
started,bundle,org.eclipse.ltk.core.refactoring,3.5.201.r372_v20111101-0700,"org.eclipse.ltk.core.refactoring",1758467848277
started,bundle,org.eclipse.ltk.ui.refactoring,3.6.0.v20110928-1453,"org.eclipse.ltk.ui.refactoring",1758467848277
started,bundle,org.eclipse.mylyn.bugzilla.core,3.6.5.v20120123-0100,"org.eclipse.mylyn.bugzilla.core",1758467848278
started,bundle,org.eclipse.mylyn.bugzilla.ui,3.6.0.v20110608-1400,"org.eclipse.mylyn.bugzilla.ui",1758467848278
started,bundle,org.eclipse.mylyn.commons.identity,0.8.0.v20110608-1400,"org.eclipse.mylyn.commons.identity",1758467848279
started,bundle,org.eclipse.mylyn.commons.net,3.6.0.v20110608-1400,"org.eclipse.mylyn.commons.net",1758467848279
started,bundle,org.eclipse.mylyn.commons.ui,3.6.1.v20110720-0100,"org.eclipse.mylyn.commons.ui",1758467848279
started,bundle,org.eclipse.mylyn.context.core,3.6.1.v20110720-0100,"org.eclipse.mylyn.context.core",1758467848280
started,bundle,org.eclipse.mylyn.context.ui,3.6.1.v20120112-0100,"org.eclipse.mylyn.context.ui",1758467848280
started,bundle,org.eclipse.mylyn.monitor.ui,3.6.0.v20110608-1400,"org.eclipse.mylyn.monitor.ui",1758467848280
started,bundle,org.eclipse.mylyn.tasks.ui,3.6.5.v20120215-0100,"org.eclipse.mylyn.tasks.ui",1758467848280
started,bundle,org.eclipse.mylyn.team.ui,3.6.1.v20110825-0100,"org.eclipse.mylyn.team.ui",1758467848282
started,bundle,org.eclipse.search,3.7.0.v20110928-1504,"org.eclipse.search",1758467848282
started,bundle,org.eclipse.team.core,3.6.0.I20110525-0800,"org.eclipse.team.core",1758467848282
started,bundle,org.eclipse.team.cvs.core,3.3.400.I20110510-0800,"org.eclipse.team.cvs.core",1758467848282
started,bundle,org.eclipse.team.cvs.ui,3.3.401.v20120126-1227,"org.eclipse.team.cvs.ui",1758467848283
started,bundle,org.eclipse.team.ui,3.6.101.R37x_v20111109-0800,"org.eclipse.team.ui",1758467848283
started,bundle,org.eclipse.ui,3.7.0.v20110928-1505,"org.eclipse.ui",1758467848284
started,bundle,org.eclipse.ui.console,3.5.100.v20111007_r372,"org.eclipse.ui.console",1758467848284
started,bundle,org.eclipse.ui.editors,3.7.0.v20110928-1504,"org.eclipse.ui.editors",1758467848284
started,bundle,org.eclipse.ui.forms,3.5.101.v20111011-1919,"org.eclipse.ui.forms",1758467848284
started,bundle,org.eclipse.ui.ide,3.7.0.v20110928-1505,"org.eclipse.ui.ide",1758467848285
started,bundle,org.eclipse.ui.navigator,3.5.101.v20120106-1355,"org.eclipse.ui.navigator",1758467848285
started,bundle,org.eclipse.ui.navigator.resources,3.4.300.v20110928-1505,"org.eclipse.ui.navigator.resources",1758467848285
started,bundle,org.eclipse.ui.net,1.2.100.v20111208-1155,"org.eclipse.ui.net",1758467848285
started,bundle,org.eclipse.ui.views,3.6.0.v20110928-1505,"org.eclipse.ui.views",1758467848286
started,bundle,org.eclipse.ui.workbench,3.7.1.v20120104-1859,"org.eclipse.ui.workbench",1758467848286
started,bundle,org.eclipse.ui.workbench.texteditor,3.7.0.v20110928-1504,"org.eclipse.ui.workbench.texteditor",1758467848287
started,bundle,org.eclipse.update.configurator,3.3.100.v20100512,"org.eclipse.update.configurator",1758467848287
started,bundle,org.eclipse.update.core,3.2.500.v20110330,"org.eclipse.update.core",1758467848288
started,bundle,org.eclipse.update.scheduler,3.2.300.v20100512,"org.eclipse.update.scheduler",1758467848288
os,sysinfo,,,"win32",1758467848289
arch,sysinfo,,,"x86_64",1758467848289
ws,sysinfo,,,"win32",1758467848289
locale,sysinfo,,,"zh_CN",1758467848289
processors,sysinfo,,,"32",1758467848289
java.runtime.name,sysinfo,,,"Java(TM) SE Runtime Environment",1758467848289
java.runtime.version,sysinfo,,,"1.8.0_421-b09",1758467848289
java.specification.name,sysinfo,,,"Java Platform API Specification",1758467848289
java.specification.vendor,sysinfo,,,"Oracle Corporation",1758467848289
java.specification.version,sysinfo,,,"1.8",1758467848289
java.vendor,sysinfo,,,"Oracle Corporation",1758467848289
java.version,sysinfo,,,"1.8.0_421",1758467848289
java.vm.info,sysinfo,,,"mixed mode",1758467848289
java.vm.name,sysinfo,,,"Java HotSpot(TM) 64-Bit Server VM",1758467848289
java.vm.specification.name,sysinfo,,,"Java Virtual Machine Specification",1758467848289
java.vm.specification.vendor,sysinfo,,,"Oracle Corporation",1758467848289
java.vm.specification.version,sysinfo,,,"1.8",1758467848289
java.vm.vendor,sysinfo,,,"Oracle Corporation",1758467848289
java.vm.version,sysinfo,,,"25.421-b09",1758467848289
opened,view,org.eclipse.ui.ide,3.7.0.v20110928-1505,"org.eclipse.ui.views.ProblemView",1758467849875
activated,view,org.eclipse.ui.navigator.resources,3.4.300.v20110928-1505,"org.eclipse.ui.navigator.ProjectExplorer",1758467856709
deactivated,workbench,org.eclipse.ui.workbench,3.7.1.v20120104-1859,"",1758467858460
started,bundle,org.eclipse.cdt.managedbuilder.ui,8.0.2.201202111925,"org.eclipse.cdt.managedbuilder.ui",1758467861803
activated,workbench,org.eclipse.ui.workbench,3.7.1.v20120104-1859,"",1758467865622
executed,command,org.eclipse.ui,3.7.0.v20110928-1505,"org.eclipse.ui.file.properties",1758467865636
activated,editor,org.eclipse.cdt.ui,5.3.2.201202111925,"org.eclipse.cdt.ui.editor.CEditor",1758467870988
activated,view,org.eclipse.ui.navigator.resources,3.4.300.v20110928-1505,"org.eclipse.ui.navigator.ProjectExplorer",1758467872974
deactivated,workbench,org.eclipse.ui.workbench,3.7.1.v20120104-1859,"",1758467880255
activated,workbench,org.eclipse.ui.workbench,3.7.1.v20120104-1859,"",1758467891250
deactivated,workbench,org.eclipse.ui.workbench,3.7.1.v20120104-1859,"",1758468117261
activated,workbench,org.eclipse.ui.workbench,3.7.1.v20120104-1859,"",1758468274146
deactivated,workbench,org.eclipse.ui.workbench,3.7.1.v20120104-1859,"",1758468274210
activated,workbench,org.eclipse.ui.workbench,3.7.1.v20120104-1859,"",1758468275651
started,bundle,org.eclipse.cdt.mylyn.ui,3.6.0.v20110608-1400,"org.eclipse.cdt.mylyn.ui",1758468275730
closed,workbench,org.eclipse.ui.workbench,3.7.1.v20120104-1859,"",1758468275770
started,bundle,org.eclipse.compare,3.5.202.R37x_v20111109-0800,"org.eclipse.compare",1758468276099
stopped,bundle,org.eclipse.cdt.build.crossgcc,1.0.2.201202111925,"org.eclipse.cdt.build.crossgcc",1758468276174
stopped,bundle,org.eclipse.cdt.codan.checkers.ui,1.0.0.201202111925,"org.eclipse.cdt.codan.checkers.ui",1758468276175
stopped,bundle,org.eclipse.cdt.codan.checkers,1.0.1.201202111925,"org.eclipse.cdt.codan.checkers",1758468276175
stopped,bundle,org.eclipse.cdt.codan.ui.cxx,2.0.0.201202111925,"org.eclipse.cdt.codan.ui.cxx",1758468276176
stopped,bundle,org.eclipse.cdt.codan.core.cxx,1.0.0.201202111925,"org.eclipse.cdt.codan.core.cxx",1758468276176
stopped,bundle,org.eclipse.cdt.launch.remote,2.3.0.201202111925,"org.eclipse.cdt.launch.remote",1758468276177
stopped,bundle,org.eclipse.cdt.debug.mi.ui,6.1.1.201202111925,"org.eclipse.cdt.debug.mi.ui",1758468276178
stopped,bundle,org.eclipse.cdt.debug.mi.core,7.1.1.201202111925,"org.eclipse.cdt.debug.mi.core",1758468276179
stopped,bundle,org.eclipse.cdt.debug.ui.memory.memorybrowser,1.2.100.201202111925,"org.eclipse.cdt.debug.ui.memory.memorybrowser",1758468276180
stopped,bundle,org.eclipse.cdt.debug.ui.memory.search,1.2.1.201202111925,"org.eclipse.cdt.debug.ui.memory.search",1758468276181
stopped,bundle,org.eclipse.cdt.dsf.gdb.ui,2.2.1.201202111925,"org.eclipse.cdt.dsf.gdb.ui",1758468276182
activated,perspective,org.eclipse.cdt.ui,,"org.eclipse.cdt.ui.CPerspective",1758812870694
started,bundle,org.eclipse.osgi,3.7.2.v20120110-1415,"org.eclipse.osgi",1758812870695
started,bundle,org.eclipse.equinox.simpleconfigurator,1.0.200.v20110815-1438,"org.eclipse.equinox.simpleconfigurator",1758812870695
started,bundle,com.ibm.icu,4.4.2.v20110823,"com.ibm.icu",1758812870696
started,bundle,org.eclipse.cdt.codan.checkers,1.0.1.201202111925,"org.eclipse.cdt.codan.checkers",1758812870696
started,bundle,org.eclipse.cdt.codan.core,2.0.0.201202111925,"org.eclipse.cdt.codan.core",1758812870696
started,bundle,org.eclipse.cdt.codan.core.cxx,1.0.0.201202111925,"org.eclipse.cdt.codan.core.cxx",1758812870697
started,bundle,org.eclipse.cdt.codan.ui,2.0.1.201202111925,"org.eclipse.cdt.codan.ui",1758812870697
started,bundle,org.eclipse.cdt.codan.ui.cxx,2.0.0.201202111925,"org.eclipse.cdt.codan.ui.cxx",1758812870697
started,bundle,org.eclipse.cdt.core,5.3.2.201202111925,"org.eclipse.cdt.core",1758812870697
started,bundle,org.eclipse.cdt.make.core,7.1.2.201202111925,"org.eclipse.cdt.make.core",1758812870697
started,bundle,org.eclipse.cdt.make.ui,7.1.2.201202111925,"org.eclipse.cdt.make.ui",1758812870699
started,bundle,org.eclipse.cdt.managedbuilder.core,8.0.2.201202111925,"org.eclipse.cdt.managedbuilder.core",1758812870699
started,bundle,org.eclipse.cdt.managedbuilder.gnu.ui,8.0.2.201202111925,"org.eclipse.cdt.managedbuilder.gnu.ui",1758812870700
started,bundle,org.eclipse.cdt.msw.build,1.0.0.201202111925,"org.eclipse.cdt.msw.build",1758812870700
started,bundle,org.eclipse.cdt.ui,5.3.2.201202111925,"org.eclipse.cdt.ui",1758812870700
started,bundle,org.eclipse.compare.core,3.5.200.I20110208-0800,"org.eclipse.compare.core",1758812870700
started,bundle,org.eclipse.core.contenttype,3.4.100.v20110423-0524,"org.eclipse.core.contenttype",1758812870700
started,bundle,org.eclipse.core.databinding.observable,1.4.0.I20110222-0800,"org.eclipse.core.databinding.observable",1758812870701
started,bundle,org.eclipse.core.expressions,3.4.300.v20110228,"org.eclipse.core.expressions",1758812870701
started,bundle,org.eclipse.core.filebuffers,3.5.200.v20110928-1504,"org.eclipse.core.filebuffers",1758812870701
started,bundle,org.eclipse.core.filesystem,1.3.100.v20110423-0524,"org.eclipse.core.filesystem",1758812870702
started,bundle,org.eclipse.core.jobs,3.5.101.v20120113-1953,"org.eclipse.core.jobs",1758812870702
started,bundle,org.eclipse.core.net,1.2.100.I20110511-0800,"org.eclipse.core.net",1758812870703
started,bundle,org.eclipse.core.resources,3.7.101.v20120125-1505,"org.eclipse.core.resources",1758812870703
started,bundle,org.eclipse.core.runtime,3.7.0.v20110110,"org.eclipse.core.runtime",1758812870703
started,bundle,org.eclipse.core.runtime.compatibility,3.2.100.v20100505,"org.eclipse.core.runtime.compatibility",1758812870704
started,bundle,org.eclipse.core.runtime.compatibility.auth,3.2.200.v20110110,"org.eclipse.core.runtime.compatibility.auth",1758812870704
started,bundle,org.eclipse.core.variables,3.2.500.v20110928-1503,"org.eclipse.core.variables",1758812870705
started,bundle,org.eclipse.debug.core,3.7.1.v20111129-2031,"org.eclipse.debug.core",1758812870705
started,bundle,org.eclipse.egit.core,1.3.0.201202151440-r,"org.eclipse.egit.core",1758812870705
started,bundle,org.eclipse.egit.ui,1.3.0.201202151440-r,"org.eclipse.egit.ui",1758812870706
started,bundle,org.eclipse.epp.mpc.ui,1.1.1.I20110907-0947,"org.eclipse.epp.mpc.ui",1758812870707
started,bundle,org.eclipse.epp.usagedata.gathering,1.3.1.R201106061540,"org.eclipse.epp.usagedata.gathering",1758812870707
started,bundle,org.eclipse.epp.usagedata.recording,1.3.1.R201106061540,"org.eclipse.epp.usagedata.recording",1758812870707
started,bundle,org.eclipse.equinox.app,1.3.100.v20110321,"org.eclipse.equinox.app",1758812870708
started,bundle,org.eclipse.equinox.common,3.6.0.v20110523,"org.eclipse.equinox.common",1758812870708
started,bundle,org.eclipse.equinox.ds,1.3.1.R37x_v20110701,"org.eclipse.equinox.ds",1758812870708
started,bundle,org.eclipse.equinox.event,1.2.100.v20110502,"org.eclipse.equinox.event",1758812870709
started,bundle,org.eclipse.equinox.p2.core,2.1.1.v20120113-1346,"org.eclipse.equinox.p2.core",1758812870709
started,bundle,org.eclipse.equinox.p2.directorywatcher,1.0.300.v20110815-1419,"org.eclipse.equinox.p2.directorywatcher",1758812870710
started,bundle,org.eclipse.equinox.p2.engine,2.1.1.R37x_v20111003,"org.eclipse.equinox.p2.engine",1758812870710
started,bundle,org.eclipse.equinox.p2.metadata,2.1.0.v20110815-1419,"org.eclipse.equinox.p2.metadata",1758812870711
started,bundle,org.eclipse.equinox.p2.metadata.repository,1.2.0.v20110815-1419,"org.eclipse.equinox.p2.metadata.repository",1758812870711
started,bundle,org.eclipse.equinox.p2.operations,2.1.1.R37x_v20111111,"org.eclipse.equinox.p2.operations",1758812870712
started,bundle,org.eclipse.equinox.p2.reconciler.dropins,1.1.100.v20110815-1419,"org.eclipse.equinox.p2.reconciler.dropins",1758812870712
started,bundle,org.eclipse.equinox.p2.repository,2.1.1.v20120113-1346,"org.eclipse.equinox.p2.repository",1758812870712
started,bundle,org.eclipse.equinox.p2.ui.sdk.scheduler,1.0.100.v20110815-1419,"org.eclipse.equinox.p2.ui.sdk.scheduler",1758812870713
started,bundle,org.eclipse.equinox.p2.updatechecker,1.1.200.v20110815-1419,"org.eclipse.equinox.p2.updatechecker",1758812870713
started,bundle,org.eclipse.equinox.preferences,3.4.2.v20120111-2020,"org.eclipse.equinox.preferences",1758812870714
started,bundle,org.eclipse.equinox.registry,3.5.101.R37x_v20110810-1611,"org.eclipse.equinox.registry",1758812870714
started,bundle,org.eclipse.equinox.security,1.1.1.R37x_v20110822-1018,"org.eclipse.equinox.security",1758812870715
started,bundle,org.eclipse.equinox.util,1.0.300.v20110502,"org.eclipse.equinox.util",1758812870715
started,bundle,org.eclipse.help,3.5.100.v20110426,"org.eclipse.help",1758812870716
started,bundle,org.eclipse.jface,3.7.0.v20110928-1505,"org.eclipse.jface",1758812870716
started,bundle,org.eclipse.jgit,1.3.0.201202151440-r,"org.eclipse.jgit",1758812870717
started,bundle,org.eclipse.jsch.core,1.1.300.I20110514-0800,"org.eclipse.jsch.core",1758812870717
started,bundle,org.eclipse.linuxtools.cdt.autotools.core,1.0.2.201202152032,"org.eclipse.linuxtools.cdt.autotools.core",1758812870718
started,bundle,org.eclipse.ltk.core.refactoring,3.5.201.r372_v20111101-0700,"org.eclipse.ltk.core.refactoring",1758812870718
started,bundle,org.eclipse.ltk.ui.refactoring,3.6.0.v20110928-1453,"org.eclipse.ltk.ui.refactoring",1758812870719
started,bundle,org.eclipse.mylyn.bugzilla.core,3.6.5.v20120123-0100,"org.eclipse.mylyn.bugzilla.core",1758812870719
started,bundle,org.eclipse.mylyn.bugzilla.ui,3.6.0.v20110608-1400,"org.eclipse.mylyn.bugzilla.ui",1758812870719
started,bundle,org.eclipse.mylyn.commons.identity,0.8.0.v20110608-1400,"org.eclipse.mylyn.commons.identity",1758812870720
started,bundle,org.eclipse.mylyn.commons.net,3.6.0.v20110608-1400,"org.eclipse.mylyn.commons.net",1758812870720
started,bundle,org.eclipse.mylyn.commons.ui,3.6.1.v20110720-0100,"org.eclipse.mylyn.commons.ui",1758812870720
started,bundle,org.eclipse.mylyn.context.core,3.6.1.v20110720-0100,"org.eclipse.mylyn.context.core",1758812870721
started,bundle,org.eclipse.mylyn.context.ui,3.6.1.v20120112-0100,"org.eclipse.mylyn.context.ui",1758812870721
started,bundle,org.eclipse.mylyn.monitor.ui,3.6.0.v20110608-1400,"org.eclipse.mylyn.monitor.ui",1758812870722
started,bundle,org.eclipse.mylyn.tasks.ui,3.6.5.v20120215-0100,"org.eclipse.mylyn.tasks.ui",1758812870722
started,bundle,org.eclipse.mylyn.team.ui,3.6.1.v20110825-0100,"org.eclipse.mylyn.team.ui",1758812870722
started,bundle,org.eclipse.search,3.7.0.v20110928-1504,"org.eclipse.search",1758812870723
started,bundle,org.eclipse.team.core,3.6.0.I20110525-0800,"org.eclipse.team.core",1758812870723
started,bundle,org.eclipse.team.cvs.core,3.3.400.I20110510-0800,"org.eclipse.team.cvs.core",1758812870723
started,bundle,org.eclipse.team.cvs.ui,3.3.401.v20120126-1227,"org.eclipse.team.cvs.ui",1758812870724
started,bundle,org.eclipse.team.ui,3.6.101.R37x_v20111109-0800,"org.eclipse.team.ui",1758812870724
started,bundle,org.eclipse.ui,3.7.0.v20110928-1505,"org.eclipse.ui",1758812870725
started,bundle,org.eclipse.ui.console,3.5.100.v20111007_r372,"org.eclipse.ui.console",1758812870725
started,bundle,org.eclipse.ui.editors,3.7.0.v20110928-1504,"org.eclipse.ui.editors",1758812870725
started,bundle,org.eclipse.ui.forms,3.5.101.v20111011-1919,"org.eclipse.ui.forms",1758812870725
started,bundle,org.eclipse.ui.ide,3.7.0.v20110928-1505,"org.eclipse.ui.ide",1758812870726
started,bundle,org.eclipse.ui.navigator,3.5.101.v20120106-1355,"org.eclipse.ui.navigator",1758812870726
started,bundle,org.eclipse.ui.navigator.resources,3.4.300.v20110928-1505,"org.eclipse.ui.navigator.resources",1758812870726
started,bundle,org.eclipse.ui.net,1.2.100.v20111208-1155,"org.eclipse.ui.net",1758812870727
started,bundle,org.eclipse.ui.views,3.6.0.v20110928-1505,"org.eclipse.ui.views",1758812870727
started,bundle,org.eclipse.ui.workbench,3.7.1.v20120104-1859,"org.eclipse.ui.workbench",1758812870728
started,bundle,org.eclipse.ui.workbench.texteditor,3.7.0.v20110928-1504,"org.eclipse.ui.workbench.texteditor",1758812870728
started,bundle,org.eclipse.update.configurator,3.3.100.v20100512,"org.eclipse.update.configurator",1758812870728
started,bundle,org.eclipse.update.core,3.2.500.v20110330,"org.eclipse.update.core",1758812870730
started,bundle,org.eclipse.update.scheduler,3.2.300.v20100512,"org.eclipse.update.scheduler",1758812870730
os,sysinfo,,,"win32",1758812870731
arch,sysinfo,,,"x86_64",1758812870731
ws,sysinfo,,,"win32",1758812870731
locale,sysinfo,,,"zh_CN",1758812870731
processors,sysinfo,,,"32",1758812870731
java.runtime.name,sysinfo,,,"Java(TM) SE Runtime Environment",1758812870731
java.runtime.version,sysinfo,,,"1.8.0_421-b09",1758812870731
java.specification.name,sysinfo,,,"Java Platform API Specification",1758812870731
java.specification.vendor,sysinfo,,,"Oracle Corporation",1758812870731
java.specification.version,sysinfo,,,"1.8",1758812870731
java.vendor,sysinfo,,,"Oracle Corporation",1758812870731
java.version,sysinfo,,,"1.8.0_421",1758812870731
java.vm.info,sysinfo,,,"mixed mode",1758812870731
java.vm.name,sysinfo,,,"Java HotSpot(TM) 64-Bit Server VM",1758812870731
java.vm.specification.name,sysinfo,,,"Java Virtual Machine Specification",1758812870731
java.vm.specification.vendor,sysinfo,,,"Oracle Corporation",1758812870731
java.vm.specification.version,sysinfo,,,"1.8",1758812870731
java.vm.vendor,sysinfo,,,"Oracle Corporation",1758812870731
java.vm.version,sysinfo,,,"25.421-b09",1758812870731
started,bundle,org.eclipse.epp.usagedata.ui,1.3.1.R201106061540,"org.eclipse.epp.usagedata.ui",1758812871741
deactivated,workbench,org.eclipse.ui.workbench,3.7.1.v20120104-1859,"",1758812872014
opened,view,org.eclipse.ui.ide,3.7.0.v20110928-1505,"org.eclipse.ui.views.ProblemView",1758812872207
