Id,Trip_Distance_km,Time_of_Day,Day_of_Week,Passenger_Count,Traffic_Conditions,Weather,Base_Fare,Per_Km_Rate,Per_Minute_Rate,Trip_Duration_Minutes,Trip_Price
1,19.66,Night,Weekday,2.0,Low,Clear,4.56,1.73,0.44,105.23,84.873
2,41.01,Morning,NA,1.0,Medium,Clear,3.95,1.8,0.42,16.56,84.7232
3,23.67,Evening,Weekday,1.0,Medium,Snow,4.76,1.73,0.38,43.49,62.2353
4,18.45,Afternoon,Weekday,4.0,Medium,Clear,2.46,1.59,0.49,109.53,85.4652
5,47.55,Morning,Weekday,4.0,Low,Clear,4.78,1.97,0.27,94.35,123.928
6,48.5,Morning,Weekday,4.0,Low,Clear,2.59,0.82,0.12,NA,50.7312
7,23.66,Morning,Weekday,3.0,Medium,Clear,3.53,0.61,0.15,52.82,25.8856
8,43.44,Morning,Weekday,1.0,Low,Clear,3.51,0.79,0.19,11.01,39.9195
9,4.22,Evening,Weekday,3.0,Low,Clear,4.02,1.81,0.16,83.98,25.095
10,26.42,Evening,Weekday,3.0,High,Clear,3.76,1.86,0.23,97.04,75.22040000000001
11,42.11,Evening,Weekday,1.0,High,Clear,3.57,1.29,0.21,45.23,67.3902
12,38.79,Afternoon,Weekday,2.0,Low,Clear,3.95,1.88,0.33,82.93,104.2421
13,27.1,Afternoon,NA,4.0,Medium,Clear,NA,1.8,0.26,81.01,73.0726
14,11.53,Afternoon,Weekend,3.0,Low,Rain,4.91,1.27,0.17,NA,24.4491
15,6.77,Afternoon,Weekend,2.0,High,Clear,2.38,0.92,0.36,5.1,10.4444
16,5.19,Evening,Weekday,4.0,Low,Rain,4.57,0.87,0.48,7.6,12.7333
17,44.61,Afternoon,Weekday,NA,Low,NA,3.96,1.03,0.28,21.45,55.9143
18,6.1,Evening,Weekday,3.0,Medium,Clear,2.74,1.34,NA,48.23,32.1352
19,16.27,Evening,Weekday,1.0,High,Rain,4.55,0.79,0.17,NA,28.164300000000004
20,13.26,Morning,Weekday,4.0,Medium,Clear,3.49,1.56,0.33,44.36,38.814400000000006
21,38.84,Afternoon,Weekday,1.0,Low,Clear,4.81,1.23,NA,64.42,62.89040000000001
22,32.61,Afternoon,NA,1.0,Medium,Clear,NA,0.7,0.31,11.91,31.3891
23,1.89,Morning,Weekend,1.0,Low,Clear,2.71,0.62,0.11,20.41,6.1269
24,14.4,Afternoon,Weekend,2.0,Low,Clear,2.39,1.98,0.19,18.17,34.3543
25,27.89,NA,Weekend,1.0,Low,Clear,2.51,0.65,0.11,97.69,31.3844
26,36.4,Afternoon,Weekday,4.0,Medium,Clear,4.05,1.34,NA,117.94,94.105
27,32.18,Night,Weekday,2.0,Medium,Rain,2.95,1.39,0.17,87.13,62.4923
28,34.73,Evening,Weekday,4.0,Low,Clear,4.85,1.13,0.14,5.65,44.88589999999999
29,9.89,Evening,Weekday,2.0,Low,Snow,2.61,1.36,0.33,69.39,38.95910000000001
30,45.1,Morning,Weekday,3.0,Medium,Clear,NA,0.88,0.44,87.35,81.572
31,32.12,Afternoon,Weekday,4.0,High,Rain,2.63,1.12,0.43,112.31,86.89770000000001
32,48.62,Afternoon,Weekend,1.0,Low,Rain,2.15,1.17,0.11,74.49,67.2293
33,11.26,Morning,Weekend,3.0,Medium,Rain,2.34,0.68,NA,58.8,30.5768
34,49.32,Evening,Weekday,1.0,Low,Clear,2.45,1.43,0.14,112.17,88.6814
35,5.94,Night,Weekday,3.0,Low,Clear,2.63,1.25,0.44,110.47,58.6618
36,44.47,Evening,Weekday,2.0,High,Clear,4.95,1.71,0.24,59.18,95.1969
37,14.72,Afternoon,Weekday,4.0,Medium,Clear,2.89,1.07,0.47,5.01,20.9951
38,NA,Night,Weekday,4.0,Low,Clear,2.73,1.47,0.37,42.88,65.6944
39,2.3,Morning,Weekend,1.0,Medium,Snow,NA,1.54,0.47,38.81,26.4327
40,16.94,Afternoon,Weekday,3.0,Medium,Snow,3.92,1.93,0.42,100.24,78.715
41,21.56,Afternoon,Weekday,1.0,High,Clear,NA,1.51,0.32,50.02,NA
42,26.61,Morning,Weekday,4.0,Low,Rain,3.07,0.68,0.18,65.91,33.0286
43,2.24,Afternoon,Weekday,1.0,Low,Clear,4.46,0.52,0.14,102.26,19.9412
44,2.53,Morning,Weekday,2.0,Medium,Clear,4.14,1.1,0.45,110.59,56.688500000000005
45,5.18,Evening,Weekday,2.0,Medium,Clear,2.49,1.29,0.21,59.81,21.7323
46,32.85,Night,Weekday,4.0,Medium,Clear,2.44,1.18,0.42,31.52,54.4414
47,21.84,Evening,Weekday,4.0,Low,Clear,3.31,1.2,0.15,114.14,46.639
48,14.65,Afternoon,Weekday,4.0,Medium,Clear,4.17,0.8,0.5,96.08,63.93
49,NA,Afternoon,Weekday,4.0,Medium,NA,2.84,0.97,0.29,41.04,19.5819
50,18.76,Afternoon,Weekday,2.0,High,Clear,2.57,0.9,0.29,117.24,53.4536
51,26.19,Afternoon,Weekday,1.0,Low,NA,4.85,1.05,0.27,106.96,61.2287
52,11.88,Afternoon,Weekday,2.0,Medium,Clear,4.67,0.63,0.27,39.27,22.7573
53,49.51,Evening,Weekday,3.0,Medium,Snow,4.81,0.74,0.14,82.21,NA
54,25.11,Afternoon,Weekday,4.0,Medium,Clear,3.66,1.34,0.25,88.1,59.3324
55,18.95,Night,Weekday,1.0,Low,Clear,3.38,0.78,0.39,54.04,39.2366
56,30.77,Morning,Weekday,1.0,Low,Clear,3.64,1.33,0.13,109.6,58.8121
57,14.57,Afternoon,Weekday,4.0,Medium,Clear,4.97,0.6,NA,118.39,37.39
58,NA,Morning,Weekday,4.0,NA,Clear,2.4,0.58,0.43,26.34,14.892
59,28.85,Morning,NA,1.0,High,Clear,3.27,0.61,0.47,91.67,63.9534
60,40.34,Morning,Weekend,1.0,Medium,Clear,3.85,0.87,0.15,29.11,43.31230000000001
61,38.73,Morning,Weekday,NA,Medium,Clear,2.41,1.94,0.47,20.75,87.29869999999998
62,30.3,Night,Weekend,1.0,Low,Clear,4.5,1.64,0.35,51.65,72.2695
63,12.2,Afternoon,Weekend,1.0,Medium,Clear,3.28,1.47,0.12,117.25,35.284
64,8.88,Night,Weekend,4.0,High,Clear,4.72,1.85,0.44,88.21,59.96039999999999
65,6.91,Morning,Weekday,3.0,Low,Clear,2.38,0.89,0.42,20.57,17.1693
66,25.87,Afternoon,Weekday,2.0,NA,Rain,4.35,1.26,0.23,112.39,62.7959
67,30.68,Night,Weekday,1.0,Medium,Clear,2.75,1.44,0.27,93.45,72.16069999999999
68,8.61,Morning,Weekday,3.0,Low,Clear,3.07,1.24,0.28,66.1,32.2544
69,38.84,Morning,Weekend,2.0,Low,Clear,4.93,1.34,0.25,50.21,69.52810000000001
70,33.91,Morning,Weekday,2.0,Medium,Clear,2.48,0.73,0.38,34.54,40.3595
71,38.02,Evening,NA,4.0,NA,Clear,NA,1.31,0.35,33.73,66.2817
72,10.22,Morning,Weekday,2.0,NA,Clear,3.5,0.63,0.23,59.81,23.694900000000004
73,7.8,Afternoon,Weekend,NA,Medium,Clear,3.26,0.64,0.45,NA,32.9075
74,15.77,Evening,Weekday,3.0,Low,Clear,2.28,1.86,0.37,NA,63.0548
75,41.31,Afternoon,Weekday,NA,Medium,Clear,4.9,1.1,NA,21.18,56.05960000000001
76,29.95,Morning,Weekday,4.0,High,Clear,2.63,1.33,0.33,81.84,69.47070000000001
77,29.76,Morning,Weekday,3.0,Medium,Rain,2.15,1.94,0.14,20.5,62.7544
78,22.57,Afternoon,Weekday,1.0,Low,Clear,3.4,1.41,NA,105.98,62.77850000000001
79,8.44,Evening,Weekend,3.0,Low,Clear,2.06,0.63,0.45,75.4,41.30720000000001
80,16.82,Evening,Weekday,4.0,Low,Snow,4.94,1.14,0.44,93.3,65.1668
81,43.41,Afternoon,Weekday,2.0,Low,Rain,2.96,1.25,0.14,5.66,58.0149
82,7.91,Morning,Weekday,4.0,Medium,Clear,4.09,1.55,0.47,110.69,68.3748
83,25.57,Morning,Weekday,3.0,High,Rain,3.13,0.93,0.11,19.53,NA
84,40.31,Morning,Weekday,4.0,Medium,Clear,4.18,1.34,0.12,108.49,71.2142
85,8.67,Morning,Weekday,2.0,High,Rain,4.79,1.79,0.46,71.36,53.1349
86,26.5,Morning,Weekday,1.0,High,Clear,4.44,0.81,0.45,114.61,77.4795
87,47.56,Morning,Weekday,1.0,Low,Clear,2.67,0.82,0.17,114.94,61.209
88,18.09,Morning,Weekday,4.0,Medium,Clear,4.32,0.72,0.25,7.7,19.2698
89,17.41,Morning,Weekday,NA,Medium,Clear,2.05,1.86,NA,39.98,NA
90,NA,Evening,Weekday,3.0,Medium,Clear,2.21,0.82,0.23,42.84,37.4586
91,31.82,NA,Weekend,4.0,High,Rain,3.08,0.98,0.32,8.93,37.1212
92,28.36,NA,Weekend,3.0,High,Clear,2.48,1.21,0.13,99.77,49.7657
93,48.53,Afternoon,Weekday,1.0,Medium,Snow,4.57,1.94,NA,60.77,124.2416
94,32.83,Afternoon,Weekend,1.0,Medium,Clear,NA,0.85,0.27,106.59,58.9648
95,20.64,Afternoon,NA,3.0,Medium,NA,3.3,0.93,0.11,99.33,33.4215
96,4.57,NA,Weekday,2.0,Medium,Rain,4.05,0.98,0.3,15.12,13.0646
97,2.64,Morning,Weekday,1.0,Medium,Snow,4.53,1.71,0.43,98.23,51.2833
98,44.47,Night,Weekend,1.0,Low,Clear,4.79,0.79,0.31,64.0,59.761300000000006
99,18.48,Afternoon,Weekday,4.0,Medium,Clear,2.84,1.37,0.39,106.41,69.6575
100,17.97,Morning,Weekend,3.0,Low,Clear,4.85,0.82,0.15,91.83,33.3599
101,41.7,NA,Weekday,2.0,Low,Clear,2.46,1.35,0.33,66.74,80.7792
102,42.97,Afternoon,Weekend,4.0,Low,Clear,4.88,1.9,0.38,59.08,108.9734
103,1.9,Morning,Weekend,1.0,Low,Clear,3.66,0.82,0.28,88.44,29.9812
104,46.87,Morning,Weekday,4.0,Low,Clear,3.89,1.76,0.2,31.51,92.6832
105,22.92,Morning,Weekday,3.0,NA,Clear,2.31,1.61,0.13,68.51,48.11750000000001
106,6.87,Morning,NA,4.0,High,Clear,4.35,1.9,0.48,89.4,60.315
107,43.96,Morning,Weekday,3.0,Medium,NA,4.54,1.24,0.42,71.19,88.9502
108,37.16,Evening,Weekend,1.0,Medium,Snow,3.04,0.89,0.23,44.3,46.3014
109,3.0,Morning,Weekday,2.0,Low,Clear,2.17,0.73,0.45,34.01,19.6645
110,47.47,Afternoon,Weekend,1.0,Low,NA,4.75,NA,0.33,35.41,52.9872
111,3.76,Evening,Weekday,NA,Medium,Rain,4.16,1.08,0.31,119.65,45.31230000000001
112,20.51,Evening,Weekday,3.0,Medium,Snow,3.08,1.55,0.28,54.3,50.07450000000001
113,25.28,Morning,Weekend,3.0,Medium,Snow,3.47,1.52,NA,76.73,73.3549
114,29.97,Morning,Weekday,3.0,Medium,Clear,4.17,0.56,0.45,97.58,64.86420000000001
115,36.75,Afternoon,Weekday,2.0,Medium,Clear,3.28,1.21,0.27,105.46,76.2217
116,31.29,Afternoon,Weekend,1.0,Medium,Snow,2.74,1.14,0.34,24.7,46.8086
117,13.64,Morning,Weekday,4.0,Medium,Rain,2.43,1.54,0.14,43.75,29.5606
118,25.32,Evening,Weekend,4.0,Medium,Rain,3.58,1.81,0.36,37.19,62.7976
119,38.68,Afternoon,Weekend,NA,Low,Clear,3.92,1.17,0.42,57.24,73.2164
120,7.23,Evening,Weekday,1.0,Low,Clear,3.51,1.2,0.39,55.29,33.7491
121,41.68,Evening,NA,1.0,Medium,Rain,4.25,1.72,0.48,32.07,NA
122,27.93,Night,Weekend,4.0,Low,Clear,4.15,0.56,0.2,73.35,34.4608
123,21.18,Afternoon,Weekday,2.0,Low,Rain,3.05,1.26,0.32,51.27,46.1432
124,31.14,NA,Weekend,2.0,Low,Clear,4.29,0.92,0.35,7.26,35.4798
125,2.19,Afternoon,Weekday,1.0,Medium,Clear,2.8,0.51,0.18,14.2,6.472899999999999
126,31.4,Night,Weekday,3.0,NA,Clear,4.5,1.87,0.32,28.13,72.2196
127,17.11,Afternoon,Weekday,NA,Medium,NA,2.77,1.23,NA,91.82,36.6701
128,47.42,Morning,Weekday,2.0,Low,Rain,3.02,1.64,0.16,104.35,97.4848
129,9.91,Morning,Weekend,2.0,Medium,Clear,2.49,NA,0.42,97.64,57.075500000000005
130,35.65,Night,Weekend,4.0,Low,Rain,4.35,0.69,0.42,35.49,43.8543
131,3.0,Evening,Weekday,2.0,Low,Clear,4.62,1.83,0.33,48.49,26.111700000000003
132,30.17,Afternoon,Weekday,4.0,Medium,Clear,4.13,1.91,0.36,103.47,99.0039
133,37.3,Morning,Weekday,3.0,Low,Snow,4.21,1.86,0.35,97.47,107.7025
134,5.49,Afternoon,Weekend,4.0,Medium,Clear,2.39,0.62,0.49,58.39,34.4049
135,43.37,Afternoon,Weekend,3.0,Low,Clear,2.3,0.73,0.42,53.94,56.61489999999999
136,46.17,Afternoon,Weekday,4.0,Medium,Clear,4.13,1.57,0.28,83.15,99.8989
137,40.56,Evening,Weekend,3.0,Medium,Rain,2.31,0.67,0.44,119.54,82.0828
138,12.63,Morning,Weekday,3.0,Low,NA,2.9,1.12,0.48,102.2,66.10159999999999
139,39.47,Afternoon,Weekday,1.0,Low,Clear,NA,NA,0.35,7.59,83.69649999999999
140,1.27,Morning,Weekday,2.0,High,Clear,4.47,0.62,0.16,37.99,11.3358
141,13.68,Evening,Weekend,3.0,High,Clear,3.88,NA,0.17,50.78,29.4758
142,48.37,Morning,Weekend,2.0,Medium,Clear,4.94,0.61,0.4,NA,41.2217
143,9.88,Morning,Weekend,1.0,Medium,Clear,4.12,0.87,0.18,72.77,25.8142
144,17.56,Evening,Weekday,1.0,Low,Clear,3.22,1.22,0.11,103.66,36.0458
145,20.46,Morning,NA,NA,Low,Clear,4.08,1.3,0.39,88.6,65.232
146,28.05,Afternoon,Weekday,1.0,Medium,Clear,2.6,1.23,0.15,58.8,45.9215
147,49.26,Afternoon,Weekday,4.0,Low,Clear,3.09,1.95,0.29,35.46,109.4304
148,1.76,Evening,Weekend,NA,Low,Clear,2.49,1.22,0.29,64.4,23.3132
149,NA,Afternoon,Weekday,1.0,Medium,Clear,3.64,1.22,0.18,75.87,38.4514
150,36.02,Morning,Weekend,2.0,Low,Clear,3.34,1.28,NA,119.17,79.2381
151,17.05,Afternoon,Weekday,4.0,High,Rain,4.63,0.9,0.25,63.82,NA
152,12.64,Evening,Weekday,3.0,Medium,Clear,NA,0.7,0.29,22.91,20.3819
153,3.52,Afternoon,Weekday,NA,Low,Clear,2.35,NA,0.36,106.23,42.4232
154,6.74,Evening,Weekend,4.0,Low,Rain,4.68,1.46,0.17,117.71,34.5311
155,28.15,Afternoon,Weekday,2.0,High,Clear,2.06,0.61,0.18,17.02,22.2951
156,37.56,Morning,Weekday,4.0,Low,NA,3.22,1.93,0.15,56.81,84.23230000000001
157,14.27,Evening,Weekday,2.0,NA,Rain,3.25,0.97,0.11,19.13,19.1962
158,29.48,Morning,Weekday,NA,Low,Clear,4.53,1.65,0.22,115.39,78.5578
159,20.05,Evening,NA,2.0,Low,NA,3.02,0.86,0.39,24.61,29.8609
160,40.2,Morning,Weekday,3.0,High,Clear,3.38,1.53,0.2,66.51,78.18800000000002
161,24.22,Afternoon,Weekend,2.0,Medium,Clear,4.23,1.39,0.46,NA,86.3292
162,43.96,NA,Weekday,2.0,Low,Clear,2.29,1.08,0.25,37.22,59.0718
163,25.42,Evening,Weekday,4.0,Medium,Clear,4.84,1.43,0.2,67.58,54.7066
164,5.26,Morning,Weekday,1.0,Low,Clear,3.74,1.65,0.31,67.5,33.344
165,28.42,Night,Weekday,3.0,Medium,Snow,3.75,1.06,0.41,63.09,59.74210000000001
166,10.14,Morning,Weekend,4.0,Low,Clear,2.17,0.89,0.27,36.16,NA
167,31.52,NA,Weekday,1.0,Low,Clear,4.89,0.65,0.19,19.55,29.0925
168,10.17,Evening,Weekday,1.0,Medium,Clear,NA,1.41,0.25,98.63,41.4372
169,41.96,Afternoon,Weekend,4.0,Low,Rain,2.21,1.22,0.19,80.28,68.65440000000001
170,22.51,Morning,Weekday,4.0,NA,Clear,2.5,1.66,0.19,28.35,45.2531
171,32.52,Morning,Weekday,4.0,Medium,Rain,3.55,1.86,0.18,98.97,81.85180000000001
172,26.63,Afternoon,Weekend,1.0,Medium,Clear,3.73,0.56,0.38,43.27,35.08540000000001
173,102.74755620694734,Evening,Weekday,2.0,Medium,Clear,2.23,1.8,0.23,53.09,274.53508679715014
174,41.14,Evening,Weekend,3.0,Medium,Rain,4.14,1.71,0.17,46.78,82.44200000000001
175,3.23,Afternoon,Weekday,2.0,Low,Rain,3.7,1.14,0.41,48.24,27.1606
176,27.74,Afternoon,Weekday,1.0,Low,Clear,NA,0.62,0.35,75.8,46.9988
177,9.31,Afternoon,Weekend,2.0,Low,Rain,4.73,0.5,0.2,115.15,32.415000000000006
178,5.76,Afternoon,Weekday,2.0,High,Snow,2.93,0.93,0.18,61.57,19.3694
179,29.24,Afternoon,Weekend,4.0,Medium,Rain,3.46,0.91,0.38,NA,68.9614
180,20.49,Afternoon,Weekday,1.0,High,Clear,2.51,1.66,0.39,96.76,74.2598
181,23.72,Afternoon,Weekday,3.0,Medium,Clear,2.22,1.89,0.15,39.05,52.9083
182,9.5,Afternoon,Weekday,1.0,Low,Clear,2.16,1.22,0.43,36.15,29.2945
183,2.14,Afternoon,Weekend,4.0,High,Clear,4.01,0.79,0.25,43.3,16.525599999999997
184,21.33,Morning,Weekday,1.0,Low,Clear,4.62,0.56,0.43,69.89,46.61750000000001
185,NA,Morning,Weekday,4.0,Low,Clear,2.22,0.9,0.4,119.82,69.336
186,NA,NA,NA,3.0,Low,Clear,4.52,1.38,0.35,57.56,73.587
187,32.48,Evening,Weekday,3.0,Low,Clear,4.29,0.99,0.27,19.3,41.65619999999999
188,19.92,Morning,Weekday,4.0,Low,Clear,3.33,0.96,0.49,84.95,64.0787
189,32.92,Evening,Weekday,4.0,Low,Clear,4.17,0.7,0.36,32.31,38.8456
190,31.59,Morning,NA,3.0,High,NA,2.26,1.72,0.42,40.38,73.5544
191,43.82,Afternoon,Weekday,4.0,Low,Clear,2.19,1.48,0.15,42.17,73.3691
192,23.16,Morning,Weekday,2.0,High,Clear,2.16,1.36,NA,98.11,62.1095
193,14.91,Afternoon,Weekend,1.0,Medium,Clear,4.23,1.28,0.38,112.25,65.9698
194,39.21,Morning,Weekday,2.0,Low,Snow,2.88,0.94,0.21,70.94,54.6348
195,11.99,Evening,Weekend,NA,Medium,Rain,4.84,1.74,0.28,54.06,40.839400000000005
196,45.36,Afternoon,Weekend,NA,Medium,Rain,2.66,1.78,0.26,68.68,101.2576
197,1.71,Morning,Weekday,4.0,High,Clear,4.45,1.27,0.18,87.85,22.4347
198,1.25,NA,Weekday,3.0,Low,Rain,3.97,1.49,0.31,12.8,9.8005
199,5.01,Afternoon,Weekend,4.0,Low,Rain,3.63,0.79,0.37,58.02,29.055300000000003
200,18.56,Morning,Weekend,1.0,Medium,Snow,4.74,NA,0.47,44.62,45.385000000000005
201,3.28,Evening,Weekday,2.0,Medium,Clear,2.88,1.76,0.2,78.04,24.260800000000003
202,47.29,Morning,Weekend,1.0,High,Clear,2.71,1.75,0.14,87.75,97.75249999999998
203,30.92,Morning,Weekday,4.0,Low,Rain,2.47,1.31,0.23,15.73,46.5931
204,2.41,NA,Weekday,2.0,Low,Clear,3.47,0.87,0.19,31.26,11.5061
205,45.83,Morning,Weekend,3.0,Medium,Clear,2.5,0.57,0.48,NA,65.9479
206,33.71,Morning,Weekday,2.0,Low,Rain,NA,1.75,0.13,38.23,66.1224
207,41.93,Evening,Weekend,4.0,Medium,Rain,4.34,1.64,0.21,69.27,87.6519
208,38.42,Afternoon,Weekday,1.0,Low,Clear,4.29,0.63,0.4,65.68,54.76660000000001
209,18.31,Afternoon,Weekday,1.0,Medium,Rain,4.05,1.37,0.21,64.22,42.6209
210,27.33,Afternoon,Weekday,4.0,High,Clear,2.24,0.6,0.13,25.97,22.0141
211,27.59,Evening,Weekend,1.0,Medium,Rain,2.07,1.03,0.46,67.33,61.459500000000006
212,109.61608204688008,Afternoon,Weekday,4.0,High,Clear,4.46,1.69,0.23,53.88,327.21766546350466
213,2.1,Morning,Weekend,3.0,Low,Clear,NA,1.05,0.22,94.38,25.4386
214,18.0,Night,Weekday,1.0,NA,Clear,3.23,1.61,0.46,28.92,45.513200000000005
215,7.25,Night,Weekday,NA,Low,Clear,2.1,1.73,0.17,19.51,17.9592
216,38.13,NA,Weekday,4.0,High,Rain,3.42,0.63,0.27,52.23,41.544
217,5.99,Night,Weekday,3.0,Medium,Clear,2.76,1.57,0.25,115.4,41.014300000000006
218,42.8,Afternoon,Weekday,NA,High,Rain,4.06,1.11,0.36,16.62,57.55120000000001
219,17.75,Afternoon,Weekday,4.0,Low,Clear,NA,1.96,0.2,66.5,51.03
220,13.48,Afternoon,Weekday,3.0,Low,Rain,3.21,1.07,0.22,96.07,38.769
221,48.82,Evening,Weekday,2.0,High,Clear,2.27,1.7,0.14,101.76,99.5104
222,NA,Morning,Weekend,1.0,Low,Clear,3.14,NA,0.14,89.47,34.4316
223,13.85,Night,Weekday,4.0,Medium,Clear,4.77,1.25,0.38,98.75,59.6075
224,10.06,Morning,Weekday,2.0,Medium,Rain,2.41,1.16,0.38,16.0,20.1596
225,15.36,Afternoon,Weekday,1.0,Low,Clear,3.49,0.74,0.34,6.06,16.9168
226,36.87,Evening,Weekend,1.0,High,Clear,2.7,1.21,0.15,37.27,52.9032
227,31.29,Night,Weekday,NA,Medium,Clear,4.1,1.9,0.28,57.45,79.637
228,25.65,Evening,Weekday,2.0,Medium,Snow,2.49,0.84,0.22,110.81,48.4142
229,21.65,Evening,Weekday,3.0,High,Clear,2.18,1.05,NA,24.22,31.6941
230,42.63,Morning,Weekend,1.0,High,Clear,4.14,NA,0.21,17.36,46.15260000000001
231,NA,Evening,NA,NA,Low,Clear,4.62,1.86,0.43,7.19,45.89750000000001
232,18.69,Evening,Weekday,3.0,Medium,Clear,4.9,1.79,0.17,79.41,51.8548
233,107.78683195771164,Morning,Weekend,1.0,High,Clear,2.05,1.3,0.18,79.6,322.7259960920446
234,47.53,Morning,Weekday,2.0,Medium,NA,2.11,0.77,0.2,90.19,56.7461
235,47.5,Morning,Weekend,NA,Low,Clear,4.39,0.51,0.3,95.55,57.28
236,9.36,Afternoon,Weekday,1.0,Medium,Clear,2.4,1.85,0.15,7.07,20.7765
237,25.63,Morning,Weekday,3.0,High,Clear,3.06,0.84,0.16,NA,39.066
238,20.08,Afternoon,Weekend,1.0,Low,Clear,2.8,1.05,0.42,NA,49.5082
239,45.12,Afternoon,Weekday,4.0,Medium,Clear,NA,1.52,0.2,35.34,79.70039999999999
240,6.69,Night,Weekday,4.0,Low,Clear,3.3,1.88,0.45,NA,44.6007
241,30.33,Evening,Weekday,4.0,Low,NA,3.48,0.51,0.15,116.81,36.4698
242,30.72,Afternoon,Weekend,3.0,NA,Clear,4.75,1.19,0.12,35.2,45.5308
243,3.22,Morning,Weekday,3.0,NA,Clear,3.36,NA,0.37,34.15,20.0527
244,46.2,Morning,NA,1.0,Medium,Clear,2.93,1.46,0.43,16.33,77.40390000000001
245,26.3,Evening,Weekday,2.0,Medium,Clear,3.03,1.61,0.39,52.71,65.9299
246,4.77,Morning,Weekend,2.0,High,Clear,NA,0.96,0.18,105.91,NA
247,8.01,Afternoon,Weekday,3.0,High,Clear,NA,0.98,0.43,50.28,31.7102
248,4.63,Afternoon,Weekday,NA,Medium,Clear,4.95,0.91,0.39,24.87,18.8626
249,NA,Night,Weekday,1.0,Medium,Clear,3.38,1.5,0.31,58.31,45.8161
250,23.81,Morning,Weekend,1.0,Medium,Rain,2.81,1.91,0.24,62.02,63.1719
251,17.21,Afternoon,Weekday,2.0,Low,Rain,4.48,1.61,0.1,106.78,42.8661
252,35.04,Morning,Weekend,4.0,Medium,Rain,2.9,1.1,0.15,9.99,NA
253,47.42,Afternoon,Weekend,3.0,High,Rain,3.36,NA,0.3,30.47,95.9602
254,33.74,Afternoon,Weekday,4.0,High,Rain,4.97,0.92,0.42,48.47,56.3682
255,37.79,Afternoon,NA,1.0,Medium,Clear,4.86,0.98,0.2,13.64,44.6222
256,14.72,Morning,Weekday,NA,Low,Clear,4.2,1.95,0.39,13.32,38.0988
257,8.37,Night,Weekend,3.0,Low,Rain,2.27,1.62,NA,80.78,52.9882
258,15.43,Evening,Weekend,3.0,Medium,Clear,3.16,0.96,0.41,73.79,48.2267
259,44.83,Afternoon,Weekend,3.0,Medium,Snow,2.17,1.09,0.19,72.04,64.7223
260,8.64,Afternoon,Weekend,2.0,Medium,Clear,2.55,1.71,0.48,89.33,60.2028
261,40.91,Afternoon,Weekday,1.0,Medium,Clear,4.73,1.16,0.28,19.1,57.53359999999999
262,19.37,Morning,Weekday,3.0,Medium,Clear,4.69,0.69,0.11,81.08,26.9741
263,21.95,Morning,Weekday,3.0,Medium,Clear,4.05,0.88,0.1,44.99,27.865
264,35.15,Afternoon,Weekday,1.0,Medium,Rain,2.76,NA,0.21,96.08,91.8308
265,NA,Afternoon,Weekday,3.0,Medium,Rain,2.03,0.91,0.19,12.42,31.4168
266,43.23,Morning,Weekday,2.0,Low,Rain,3.51,0.78,0.35,96.01,70.8329
267,35.14,Morning,Weekend,2.0,Medium,Clear,4.17,1.05,0.11,113.49,53.550900000000006
268,6.79,Morning,Weekend,3.0,Medium,Clear,2.61,1.65,0.12,72.29,22.4883
269,44.87,Afternoon,NA,4.0,Low,Clear,4.27,NA,0.34,90.81,NA
270,35.14,Afternoon,Weekend,2.0,Medium,Clear,3.88,0.81,0.28,55.94,48.006600000000006
271,23.33,Morning,Weekday,1.0,Low,Snow,2.04,1.92,NA,34.0,59.0736
272,44.74,NA,Weekday,2.0,Medium,Clear,3.65,1.25,0.49,6.72,62.8678
273,11.19,NA,Weekday,3.0,Low,Clear,4.05,0.6,0.3,84.0,35.964
274,15.43,Evening,Weekday,2.0,High,Clear,2.73,0.93,0.16,75.12,29.0991
275,42.26,Morning,Weekday,3.0,High,Rain,2.3,1.69,0.26,40.14,84.1558
276,35.7,Afternoon,Weekday,2.0,Low,Rain,3.39,1.52,0.47,NA,75.5657
277,NA,Night,Weekday,2.0,High,Clear,3.34,1.49,0.27,115.73,89.0764
278,5.35,NA,Weekday,1.0,Low,Clear,4.72,1.42,0.12,87.36,22.8002
279,31.54,Morning,Weekday,2.0,High,Clear,3.09,1.91,0.26,93.37,87.6076
280,17.94,Afternoon,NA,2.0,Low,Rain,4.14,1.43,NA,15.13,33.2741
281,7.32,Afternoon,Weekday,4.0,Medium,Clear,2.62,1.43,0.39,117.69,58.9867
282,108.14699381139414,Morning,Weekday,1.0,Low,Clear,2.25,NA,0.36,97.16,239.17140732641303
283,9.68,Morning,Weekday,2.0,Medium,NA,3.37,1.91,0.13,72.94,31.341
284,2.49,Afternoon,Weekday,NA,Low,Clear,2.8,1.74,0.32,108.02,41.699
285,34.9,Afternoon,Weekend,3.0,Medium,Clear,4.9,0.85,0.25,38.29,44.1375
286,48.29,Afternoon,Weekend,3.0,Medium,Rain,3.1,1.57,0.23,109.74,104.1555
287,29.2,Afternoon,Weekday,3.0,High,Rain,3.76,1.45,0.18,76.53,59.87539999999999
288,5.09,Afternoon,Weekday,4.0,Low,NA,4.48,0.53,0.21,71.35,NA
289,20.26,Morning,Weekday,3.0,Low,Rain,2.29,0.63,0.27,29.7,23.0728
290,30.43,Morning,Weekend,2.0,Medium,Clear,4.52,1.3,0.37,56.58,65.0136
291,7.71,Afternoon,Weekday,3.0,Low,Clear,4.91,NA,0.33,116.62,53.726
292,NA,Evening,Weekday,NA,NA,Clear,3.05,0.74,0.35,105.71,74.58429999999998
293,27.27,Afternoon,Weekend,3.0,High,Clear,2.52,0.78,0.37,65.42,47.996
294,48.15,Night,Weekday,2.0,Low,Clear,3.45,0.95,0.34,69.03,72.6627
295,23.45,Afternoon,Weekday,1.0,NA,Clear,2.02,1.94,0.1,104.02,57.915
296,11.96,Evening,Weekday,2.0,Medium,Snow,4.81,1.49,0.27,70.7,41.71940000000001
297,14.34,Evening,Weekday,1.0,Low,Rain,3.69,1.85,NA,NA,38.035
298,NA,Afternoon,Weekday,NA,Medium,Rain,3.84,1.55,0.41,19.2,39.9065
299,43.44,Evening,Weekend,3.0,NA,Clear,2.97,1.87,0.23,NA,101.1216
300,12.86,Evening,Weekday,1.0,Low,Clear,2.39,1.13,0.4,56.62,39.5698
301,30.7,Morning,Weekend,4.0,Low,Clear,2.38,1.09,0.21,41.37,44.5307
302,5.16,Night,Weekday,2.0,Medium,Clear,3.23,1.72,0.25,58.17,26.6477
303,23.27,Afternoon,Weekend,2.0,Low,Clear,4.88,1.9,0.38,78.31,78.85079999999999
304,5.47,Morning,Weekend,1.0,Medium,Clear,2.52,0.82,0.17,75.75,19.8829
305,36.28,NA,Weekday,2.0,Low,Rain,4.53,1.64,NA,7.73,66.039
306,30.27,Afternoon,Weekend,4.0,Medium,Clear,3.66,0.67,0.41,41.65,41.0174
307,3.25,Night,Weekday,3.0,Medium,Clear,4.39,1.86,0.16,NA,28.5966
308,8.21,Morning,Weekend,3.0,Medium,Clear,2.97,1.36,0.34,95.18,46.49680000000001
309,9.41,NA,Weekend,3.0,Low,Clear,4.32,0.53,0.48,39.21,28.1281
310,22.44,Morning,Weekday,3.0,High,NA,3.0,1.25,0.23,63.08,45.5584
311,44.94,Evening,Weekday,1.0,Low,Clear,2.61,1.04,0.31,64.02,69.1938
312,40.83,Afternoon,Weekday,1.0,Medium,Clear,3.87,1.5,0.24,45.05,75.92699999999999
313,49.02,Afternoon,Weekend,4.0,Low,Clear,4.9,1.65,0.16,59.03,95.2278
314,40.68,Morning,Weekday,3.0,NA,Clear,3.01,1.11,0.12,84.0,58.2448
315,19.44,Night,Weekday,NA,Low,NA,4.04,1.82,0.47,33.26,55.053
316,45.41,Afternoon,Weekday,2.0,Low,Clear,3.85,0.51,0.12,69.95,35.4031
317,44.71,Night,Weekday,1.0,Low,Rain,2.5,1.94,0.47,45.94,NA
318,33.28,NA,Weekday,1.0,Medium,Rain,4.55,1.86,0.42,8.33,69.9494
319,10.88,Evening,Weekday,2.0,Medium,Clear,NA,1.92,0.34,NA,41.9406
320,32.95,Morning,Weekday,1.0,Medium,Clear,3.36,1.56,0.19,81.37,NA
321,6.68,Night,Weekend,2.0,Medium,Clear,3.32,1.35,0.38,12.08,16.9284
322,3.52,Evening,Weekday,4.0,Medium,Rain,3.88,1.53,0.23,87.64,29.4228
323,145.74705994904548,Morning,Weekday,3.0,High,Rain,2.82,0.83,0.49,60.29,325.0989498083767
324,2.8,Morning,Weekday,3.0,Low,Clear,2.45,NA,0.45,86.63,44.2055
325,36.39,Afternoon,Weekday,2.0,Low,NA,3.09,0.64,0.27,67.24,44.5344
326,45.64,Afternoon,Weekend,4.0,NA,Rain,3.56,1.3,0.4,39.63,78.744
327,9.49,Evening,Weekday,1.0,Medium,Clear,2.28,0.68,0.13,32.82,12.9998
328,45.16,Afternoon,Weekend,3.0,High,Clear,2.04,NA,0.41,85.1,79.833
329,30.19,Morning,Weekday,2.0,Medium,NA,2.37,0.76,0.4,113.33,70.6464
330,17.54,Morning,Weekday,2.0,Low,Rain,2.56,1.29,0.49,52.06,50.696
331,7.59,Afternoon,Weekday,2.0,High,NA,3.95,0.67,0.25,59.78,23.9803
332,4.84,Evening,NA,3.0,Medium,Rain,4.96,0.58,0.12,51.22,13.9136
333,4.26,Afternoon,Weekend,4.0,NA,Clear,2.57,0.7,0.14,66.19,14.8186
334,13.37,Afternoon,Weekday,2.0,Low,Rain,2.85,1.92,0.19,114.32,50.2412
335,19.35,Morning,Weekday,3.0,Low,Clear,3.56,0.8,0.32,53.82,36.2624
336,21.04,Afternoon,Weekday,2.0,Low,Rain,2.36,0.85,0.2,72.41,34.726
337,16.8,Afternoon,Weekday,4.0,Medium,Rain,2.78,0.88,NA,62.63,26.9585
338,33.91,Afternoon,Weekday,4.0,Medium,Clear,NA,0.53,0.11,NA,29.2693
339,NA,Afternoon,NA,4.0,Low,Clear,4.81,0.65,0.26,10.76,28.7716
340,139.476514583775,Evening,Weekday,1.0,Low,Clear,4.37,1.38,0.2,46.85,296.0886973121837
341,28.14,Evening,Weekend,3.0,Medium,Clear,2.45,NA,0.4,87.85,86.5536
342,NA,Afternoon,Weekday,2.0,High,Rain,2.3,0.89,0.12,74.77,26.1176
343,26.09,NA,Weekday,4.0,Medium,Rain,3.92,0.87,0.45,62.23,54.62179999999999
344,21.93,Afternoon,NA,3.0,Low,NA,4.53,0.76,NA,74.52,48.024
345,17.7,Afternoon,Weekend,1.0,Medium,Clear,3.39,1.24,0.3,6.12,27.174
346,39.79,Afternoon,Weekday,1.0,High,Snow,2.33,1.9,0.36,NA,101.5506
347,28.04,Evening,Weekend,4.0,High,Clear,3.61,1.89,0.48,9.69,61.2568
348,29.57,NA,Weekday,3.0,Low,Clear,4.62,1.11,0.32,39.61,50.117900000000006
349,6.86,Night,Weekend,2.0,High,Clear,2.93,1.18,0.18,102.45,29.4658
350,NA,Morning,Weekday,2.0,Low,Rain,3.59,0.69,0.27,87.25,47.33
351,6.56,Afternoon,Weekday,3.0,Low,Clear,3.48,0.85,0.31,97.94,39.4174
352,26.06,Afternoon,Weekend,4.0,Medium,Clear,2.08,1.14,0.23,113.99,NA
353,11.04,Evening,Weekend,2.0,High,Clear,2.83,0.59,0.38,5.93,11.596999999999998
354,49.36,Morning,NA,4.0,High,Rain,4.92,1.13,0.12,36.56,65.084
355,2.83,Morning,Weekday,1.0,Low,Snow,3.99,0.96,0.19,11.65,8.920300000000001
356,11.88,Afternoon,Weekday,1.0,NA,NA,3.75,0.71,0.34,30.47,22.544600000000003
357,3.53,Morning,Weekend,1.0,Low,Clear,2.9,0.59,0.12,92.82,16.1211
358,NA,Night,Weekday,1.0,High,Clear,NA,1.42,0.48,23.11,19.2572
359,28.16,Morning,Weekend,NA,NA,Clear,3.91,0.8,0.48,79.78,64.7324
360,14.96,Morning,Weekday,1.0,Medium,Rain,3.79,0.9,0.17,66.66,28.5862
361,25.23,Morning,Weekday,3.0,Low,Rain,3.94,1.35,0.13,100.22,51.0291
362,23.5,Morning,Weekday,4.0,Medium,Clear,3.34,1.0,0.23,43.87,36.9301
363,16.84,Morning,Weekend,2.0,Medium,Snow,2.17,1.01,0.12,98.03,30.942000000000004
364,39.08,Afternoon,Weekday,NA,Low,Clear,2.44,1.63,NA,36.57,83.694
365,5.42,Morning,Weekday,3.0,Medium,Rain,3.85,1.84,0.24,68.73,30.318
366,30.03,NA,Weekday,1.0,High,Clear,3.31,1.05,0.36,83.21,64.7971
367,20.47,Night,Weekday,3.0,Medium,Rain,3.65,NA,0.34,48.83,31.306
368,32.02,Afternoon,Weekday,2.0,NA,Clear,3.78,1.7,0.34,6.39,60.38660000000001
369,37.78,Night,Weekend,2.0,Medium,Clear,4.4,0.72,0.23,40.76,40.9764
370,11.29,Evening,Weekday,3.0,Medium,Clear,2.11,NA,0.44,105.79,62.6572
371,29.95,Morning,Weekday,2.0,Medium,Clear,4.24,0.7,0.24,98.23,48.7802
372,49.51,Morning,Weekend,2.0,Medium,Clear,4.84,0.78,0.2,13.75,46.207800000000006
373,48.16,NA,Weekend,1.0,NA,Rain,3.72,1.63,0.28,100.12,110.2544
374,12.1,Morning,Weekend,NA,Low,Clear,NA,0.59,0.31,NA,19.2643
375,3.85,Afternoon,Weekday,4.0,High,Rain,3.51,1.66,NA,5.05,11.2645
376,45.08,Afternoon,Weekend,2.0,High,Clear,3.82,0.57,NA,110.21,70.29329999999999
377,48.5,Evening,Weekday,1.0,Low,Clear,3.61,1.66,0.39,79.03,114.9417
378,40.96,Morning,Weekend,1.0,High,NA,3.94,1.82,0.4,35.89,92.8432
379,29.92,Afternoon,Weekday,1.0,Low,Clear,2.14,1.14,0.28,23.1,NA
380,NA,Morning,Weekday,3.0,High,Snow,2.81,1.04,0.34,NA,66.85679999999999
381,32.63,Night,Weekday,1.0,Medium,Clear,2.12,0.86,0.37,15.33,35.8539
382,2.81,Evening,Weekend,3.0,Low,Rain,2.82,1.12,0.38,56.65,27.4942
383,25.79,Afternoon,Weekday,2.0,Medium,Clear,4.86,0.66,0.13,66.91,30.5797
384,NA,Afternoon,Weekday,3.0,Low,Clear,4.03,0.74,0.14,49.37,18.7636
385,33.22,Night,Weekend,1.0,Low,Clear,2.31,1.66,0.32,41.02,70.5816
386,40.19,Afternoon,Weekday,1.0,Medium,Clear,2.79,1.12,0.1,51.19,52.9218
387,35.21,Afternoon,Weekend,4.0,Medium,Clear,3.94,0.56,0.39,110.06,66.581
388,6.87,Morning,Weekday,2.0,Medium,Rain,2.56,1.5,0.23,9.0,14.935
389,40.17,Evening,Weekday,3.0,Low,Clear,3.81,0.66,0.42,62.66,56.6394
390,NA,Evening,Weekday,1.0,Medium,Clear,3.77,1.15,0.31,87.74,77.0499
391,33.34,Night,Weekend,1.0,Medium,Clear,4.28,0.52,0.41,72.33,51.2721
392,25.26,Evening,Weekday,2.0,High,Clear,3.95,1.71,0.12,82.53,57.0482
393,15.14,Morning,Weekday,3.0,Low,Rain,2.73,0.7,0.37,89.96,46.61319999999999
394,112.8309582902826,Afternoon,Weekday,2.0,High,Snow,3.35,1.9,0.23,78.63,233.00828520738887
395,122.82019097975328,Afternoon,Weekday,NA,High,Clear,4.13,0.96,0.12,30.98,247.5983178992313
396,5.34,NA,Weekday,2.0,Low,Clear,2.34,NA,0.18,12.72,10.2366
397,44.88,Afternoon,Weekday,1.0,Medium,Clear,3.87,0.58,0.5,77.08,68.4404
398,19.34,Afternoon,Weekend,2.0,Low,NA,2.06,1.51,0.46,104.31,79.24600000000001
399,27.14,Afternoon,Weekend,2.0,Medium,Clear,3.99,0.57,0.49,24.44,31.4354
400,7.7,Morning,Weekday,3.0,Low,Rain,2.08,1.78,NA,54.18,33.1236
401,23.35,Night,NA,3.0,Low,Rain,3.59,0.6,0.24,66.8,33.632000000000005
402,43.56,Afternoon,Weekday,3.0,Low,Rain,2.26,1.04,0.11,89.67,57.426100000000005
403,7.33,Afternoon,Weekend,2.0,Medium,Rain,4.6,1.5,0.49,29.35,29.9765
404,49.99,Afternoon,Weekend,3.0,Low,Clear,3.07,0.93,0.36,86.67,80.7619
405,40.5,Afternoon,Weekend,3.0,Low,Rain,2.8,1.54,NA,112.84,84.3528
406,6.63,Afternoon,Weekend,4.0,Medium,Clear,4.08,1.72,0.25,101.28,40.8036
407,14.17,Afternoon,Weekend,4.0,Low,Snow,4.84,0.65,0.15,37.82,19.7235
408,116.66768073006573,Morning,Weekday,2.0,High,Clear,3.81,0.74,0.25,110.82,248.29520891209057
409,38.98,Afternoon,Weekday,3.0,Low,Clear,3.16,1.28,0.26,15.47,57.0766
410,41.3,Afternoon,Weekday,1.0,Medium,Rain,2.22,NA,0.2,71.5,37.17
411,19.45,Afternoon,Weekday,1.0,High,Clear,2.4,0.86,0.29,16.93,24.0367
412,43.55,Afternoon,Weekday,2.0,Low,NA,4.97,0.79,0.33,111.3,NA
413,27.59,Night,Weekend,1.0,Medium,Clear,3.69,0.58,0.49,113.43,75.27289999999999
414,43.99,Morning,Weekday,3.0,Medium,Clear,4.62,1.69,0.36,23.91,NA
415,20.55,Evening,Weekday,3.0,Low,Snow,3.73,1.48,0.4,47.54,53.16
416,38.25,Morning,NA,1.0,Low,Rain,3.49,1.18,0.17,109.53,67.24510000000001
417,9.37,Afternoon,Weekday,1.0,Medium,Clear,2.35,1.67,0.13,18.1,20.3509
418,7.9,Afternoon,Weekday,3.0,Medium,Clear,3.61,1.91,0.42,55.74,42.1098
419,49.38,Morning,Weekday,1.0,Low,Clear,3.64,1.03,0.28,9.47,57.153000000000006
420,37.92,Evening,Weekday,2.0,Medium,Rain,2.02,0.84,0.39,112.04,77.56840000000001
421,22.17,Night,NA,4.0,Low,Clear,2.34,1.97,0.41,57.59,69.6268
422,46.55,Night,Weekday,3.0,High,Clear,4.41,1.42,0.3,42.88,83.375
423,31.75,Morning,Weekday,1.0,NA,Rain,2.13,1.75,0.19,68.64,70.7341
424,45.3,Afternoon,Weekend,3.0,Medium,Rain,2.32,0.73,0.28,8.51,37.7718
425,5.96,Afternoon,Weekday,NA,Low,Clear,4.96,0.69,0.23,81.77,27.8795
426,45.36,Night,Weekday,3.0,Medium,Clear,2.7,0.77,0.24,70.04,54.436800000000005
427,4.11,Evening,Weekend,2.0,High,Rain,4.1,0.63,0.15,30.48,11.2613
428,14.3,Night,Weekday,3.0,High,Clear,4.99,0.99,0.37,108.2,59.181
429,14.19,Night,Weekend,1.0,Medium,Clear,3.91,1.5,0.32,NA,44.507000000000005
430,43.49,Evening,Weekday,1.0,Low,Clear,2.77,1.45,0.2,68.97,79.6245
431,2.76,Afternoon,Weekday,3.0,Low,Clear,4.73,1.81,0.3,59.25,NA
432,20.02,Night,Weekday,3.0,High,Clear,3.37,0.61,0.12,63.16,23.1614
433,4.46,Afternoon,Weekend,3.0,Medium,Clear,3.22,0.53,0.3,60.41,23.7068
434,1.56,Afternoon,Weekday,4.0,High,Clear,2.93,1.31,0.37,79.16,34.2628
435,35.4,Morning,Weekday,3.0,NA,Clear,4.47,1.98,0.46,93.88,117.7468
436,41.79,Night,Weekend,3.0,High,Clear,4.6,1.77,0.11,86.95,88.13279999999999
437,46.31,Afternoon,Weekday,1.0,Medium,Rain,4.74,1.8,0.35,NA,96.939
438,10.59,Morning,Weekday,4.0,Medium,Clear,4.44,NA,0.24,79.64,38.0619
439,33.92,Evening,Weekend,4.0,Low,Clear,3.59,0.76,0.17,39.58,36.09780000000001
440,46.12,Afternoon,Weekday,3.0,Low,Clear,4.11,1.86,0.21,59.7,102.4302
441,19.02,Night,Weekday,2.0,Low,NA,2.42,1.14,0.4,49.68,43.9748
442,20.43,Evening,Weekday,2.0,Medium,Clear,2.51,1.43,0.39,53.63,52.6406
443,NA,Morning,Weekday,4.0,High,Clear,3.97,1.73,0.19,58.48,73.0708
444,37.53,Afternoon,Weekday,4.0,Low,Rain,2.19,1.84,0.48,62.05,101.0292
445,18.55,Afternoon,Weekday,1.0,Medium,Clear,4.28,1.07,0.14,NA,25.3115
446,25.14,Afternoon,Weekday,2.0,Medium,Rain,3.13,1.15,0.19,43.04,40.2186
447,27.07,Evening,Weekday,1.0,Medium,Clear,2.23,0.74,0.25,35.88,31.2318
448,34.86,Evening,Weekday,4.0,Low,Clear,3.74,1.45,0.4,21.52,62.895
449,8.49,Evening,Weekday,NA,Low,Snow,3.47,NA,0.25,99.35,33.2317
450,26.7,Evening,Weekday,4.0,Medium,Clear,4.51,1.62,0.22,13.75,50.789
451,12.77,Morning,Weekday,3.0,Low,Clear,3.37,0.53,NA,20.9,17.662100000000002
452,21.03,Evening,Weekday,4.0,Low,NA,4.74,1.41,0.4,105.47,76.5803
453,39.04,Afternoon,Weekday,4.0,Medium,Clear,NA,1.08,0.28,61.79,62.0444
454,27.25,Evening,Weekend,1.0,Low,Rain,3.74,1.62,0.3,NA,66.566
455,48.22,Night,Weekday,3.0,Medium,Clear,4.96,1.99,0.22,19.21,105.144
456,6.25,Night,Weekend,4.0,Medium,Snow,2.05,1.23,0.37,94.31,44.6322
457,9.75,Afternoon,Weekend,1.0,Medium,Clear,3.89,0.99,0.3,105.81,45.2855
458,14.97,Evening,Weekday,2.0,NA,Rain,2.43,0.86,0.18,37.85,22.1172
459,16.63,Evening,NA,2.0,Medium,Clear,2.77,1.15,0.32,17.94,27.6353
460,47.58,Morning,Weekday,3.0,Low,Clear,4.13,0.8,0.31,105.33,74.8463
461,35.64,Night,Weekend,1.0,High,Rain,3.94,0.62,0.1,104.02,36.4388
462,40.6,Afternoon,Weekend,3.0,Medium,Clear,2.73,0.55,0.26,17.2,29.532000000000004
463,10.42,Morning,Weekday,1.0,Low,Clear,NA,0.85,0.28,112.71,43.0058
464,NA,Afternoon,Weekday,2.0,Medium,Clear,4.06,1.05,0.46,7.26,39.4771
465,49.53,Morning,Weekday,2.0,Medium,Clear,4.16,1.19,0.16,36.33,68.9135
466,45.47,Night,Weekend,4.0,Low,Rain,2.12,1.28,0.23,56.93,73.4155
467,32.04,Afternoon,Weekday,3.0,Low,Clear,3.26,0.65,0.2,31.8,30.446
468,NA,Morning,Weekday,3.0,Low,Clear,4.0,1.87,0.15,100.36,51.031000000000006
469,23.97,Morning,Weekday,1.0,High,Clear,2.79,1.24,0.26,48.93,45.2346
470,23.96,Afternoon,Weekday,3.0,NA,Clear,3.11,1.52,0.43,102.92,83.7848
471,5.47,NA,Weekday,3.0,Low,Clear,2.49,1.22,NA,118.44,44.69539999999999
472,38.28,Afternoon,Weekday,1.0,Medium,Clear,NA,1.08,0.39,51.33,63.56110000000001
473,7.83,Afternoon,Weekday,4.0,Medium,Clear,4.16,0.93,0.18,99.63,29.3753
474,24.14,Morning,Weekday,2.0,Low,NA,3.92,1.69,NA,82.14,55.3948
475,42.92,Morning,Weekday,3.0,High,Clear,4.66,1.05,0.34,62.85,71.095
476,13.07,NA,Weekend,2.0,Medium,Clear,3.27,1.4,0.19,16.47,24.6973
477,24.88,Morning,Weekend,2.0,High,Clear,3.4,1.54,0.2,68.14,55.3432
478,26.76,Afternoon,Weekday,2.0,High,Clear,3.55,0.82,0.44,38.42,42.398
479,23.58,Afternoon,Weekday,2.0,Medium,Clear,2.54,0.6,0.34,38.5,29.778
480,17.94,Morning,Weekday,1.0,High,Clear,3.69,0.69,0.49,85.75,58.0861
481,40.17,Afternoon,Weekday,2.0,Medium,Rain,3.13,1.88,0.22,65.69,93.1014
482,38.78,Morning,Weekday,3.0,Medium,Clear,3.08,1.62,0.15,90.14,NA
483,48.53,Night,Weekday,3.0,Low,Clear,4.78,NA,0.5,79.94,NA
484,43.06,Afternoon,NA,1.0,Low,Clear,4.74,1.71,0.38,42.04,94.3478
485,28.22,Morning,Weekday,3.0,High,Clear,2.7,1.38,0.14,100.83,55.7598
486,45.56,Afternoon,Weekday,NA,Low,Clear,NA,0.9,0.5,80.8,85.88400000000001
487,2.69,Afternoon,Weekday,4.0,Low,Clear,4.6,1.95,0.34,97.49,42.9921
488,13.14,NA,Weekday,3.0,Low,Clear,3.6,1.11,0.14,35.14,23.105000000000004
489,10.14,Afternoon,Weekday,4.0,Low,Rain,4.5,1.62,0.38,25.41,NA
490,4.81,Afternoon,Weekend,1.0,Low,Clear,4.3,1.87,0.28,117.44,46.1779
491,36.08,Afternoon,Weekday,4.0,Low,Clear,NA,1.29,0.17,84.96,65.2064
492,9.44,Morning,Weekday,1.0,Low,Clear,4.56,0.57,0.18,14.92,12.6264
493,31.38,Night,Weekday,4.0,High,Clear,3.86,0.58,0.2,32.85,28.6304
494,2.54,Morning,Weekend,NA,Low,Clear,2.8,1.3,0.37,53.11,25.7527
495,22.63,Morning,Weekday,2.0,Medium,Clear,4.33,NA,0.44,73.27,NA
496,46.9,Evening,Weekday,1.0,High,Clear,4.14,1.33,0.13,66.38,NA
497,40.83,Evening,Weekday,1.0,Low,Rain,4.9,1.35,NA,39.9,69.99549999999999
498,15.37,Morning,Weekday,1.0,NA,Clear,4.95,1.07,0.37,64.12,45.1203
499,19.29,Evening,Weekend,3.0,Low,Clear,3.99,1.51,0.16,94.79,48.2843
500,1.97,Afternoon,Weekday,1.0,Medium,Clear,2.08,1.98,0.37,71.48,32.428200000000004
501,41.04,Afternoon,Weekday,NA,Medium,Clear,3.78,0.85,0.1,54.37,44.101
502,19.95,Morning,Weekday,3.0,Low,NA,2.5,0.88,0.49,NA,NA
503,46.61,Evening,Weekday,1.0,High,Clear,2.74,1.84,0.44,21.11,97.7908
504,14.14,Evening,Weekday,4.0,Low,Clear,3.06,NA,0.49,82.16,59.8622
505,30.96,Afternoon,Weekday,2.0,High,Clear,2.96,1.24,0.18,69.98,53.9468
506,5.06,Morning,Weekday,1.0,Medium,NA,2.8,1.22,0.48,83.63,49.11559999999999
507,46.54,Morning,Weekday,2.0,Low,Rain,2.07,0.84,0.22,85.74,60.0264
508,44.0,Morning,Weekday,3.0,Low,Clear,4.99,1.2,0.46,41.76,76.9996
509,26.43,Afternoon,Weekend,4.0,Medium,Clear,3.85,1.41,0.36,48.72,58.65549999999999
510,47.05,Morning,Weekday,4.0,Low,Snow,2.52,1.87,0.49,77.86,128.6549
511,35.11,Afternoon,Weekday,3.0,Low,Rain,3.29,1.36,0.45,42.67,70.2411
512,23.08,Morning,Weekend,4.0,Medium,Rain,2.38,1.31,0.24,89.61,54.1212
513,3.0,Afternoon,Weekday,1.0,Low,Clear,3.79,0.73,0.28,9.82,8.729600000000001
514,9.99,Night,Weekday,4.0,High,Clear,4.33,0.85,0.43,34.0,27.4415
515,47.79,NA,Weekend,4.0,Low,Clear,2.52,0.82,0.28,106.03,71.3962
516,44.8,Morning,Weekend,1.0,Low,Clear,4.51,1.58,0.35,94.11,108.2325
517,5.59,Afternoon,Weekday,2.0,High,Clear,4.39,NA,0.1,30.31,17.147599999999997
518,7.74,Afternoon,Weekday,1.0,Low,Clear,NA,1.29,0.12,21.54,15.0994
519,4.68,Afternoon,Weekend,4.0,Medium,Rain,2.03,1.24,0.47,97.5,53.6582
520,105.94355003672597,Night,Weekend,2.0,Low,Rain,3.94,1.69,0.32,23.03,201.869509186128
521,2.3,Night,Weekend,NA,Low,Clear,2.43,1.44,0.26,29.64,13.4484
522,13.05,Morning,Weekday,1.0,Low,Clear,3.22,1.79,0.12,103.2,38.9635
523,23.21,Afternoon,Weekday,4.0,Medium,Clear,3.4,1.18,0.15,100.48,45.85979999999999
524,25.09,Morning,Weekend,2.0,Medium,Snow,3.25,1.87,0.33,70.95,73.5818
525,38.31,Afternoon,Weekend,1.0,Low,Clear,2.99,0.64,0.41,31.15,40.2799
526,42.76,Afternoon,Weekday,2.0,Medium,Rain,4.85,1.29,0.17,67.92,71.5568
527,9.64,Evening,NA,4.0,Medium,Clear,3.53,1.28,NA,87.39,39.4645
528,45.03,Afternoon,Weekday,1.0,High,Clear,2.76,0.95,0.24,32.28,53.2857
529,35.95,Evening,Weekday,2.0,Low,Clear,3.13,0.92,0.41,33.13,49.78730000000001
530,28.5,Afternoon,Weekday,1.0,Medium,Clear,4.92,1.78,0.46,109.33,105.9418
531,38.0,Evening,Weekday,NA,High,Clear,4.54,1.85,0.29,30.31,83.6299
532,4.65,Afternoon,Weekday,1.0,Medium,NA,4.51,1.08,0.43,56.54,33.8442
533,19.15,Afternoon,Weekday,2.0,Medium,Clear,2.01,1.3,0.15,80.61,38.9965
534,29.34,Afternoon,Weekday,2.0,High,Clear,2.05,1.59,0.48,70.14,82.3678
535,8.28,Night,Weekday,4.0,Medium,Snow,3.25,1.27,0.49,11.7,19.4986
536,5.12,Morning,Weekend,4.0,Low,Clear,3.17,1.92,0.21,75.09,28.7693
537,24.98,Afternoon,Weekend,3.0,Low,Rain,3.06,0.77,0.42,72.14,52.5934
538,36.72,NA,Weekend,NA,Low,Clear,2.39,1.56,0.17,13.03,61.8883
539,9.05,Afternoon,Weekend,2.0,Medium,Clear,3.74,0.51,0.18,59.73,19.1069
540,NA,Afternoon,Weekday,1.0,Medium,Clear,3.02,0.7,0.35,94.88,70.745
541,26.95,Afternoon,Weekend,2.0,Low,Clear,2.44,1.32,0.22,NA,44.7548
542,40.7,Evening,Weekday,2.0,NA,Clear,4.16,1.81,0.38,35.27,91.2296
543,14.76,Evening,Weekend,3.0,Medium,Clear,3.89,1.92,0.47,49.98,55.71979999999999
544,14.77,Afternoon,Weekend,4.0,Medium,Clear,4.8,1.21,0.28,113.4,54.42370000000001
545,10.14,Evening,Weekday,3.0,High,Rain,2.73,1.06,0.4,16.24,19.974400000000003
546,NA,Evening,Weekend,1.0,Low,Snow,2.1,1.47,0.27,48.69,76.48649999999999
547,46.7,Night,Weekday,2.0,Medium,Clear,4.94,NA,0.35,14.65,53.0315
548,46.07,Afternoon,Weekend,3.0,High,Clear,2.58,0.79,0.43,113.36,87.7201
549,32.4,Night,Weekend,4.0,Low,Clear,4.33,1.88,0.28,13.17,68.9296
550,41.08,Morning,NA,4.0,Low,NA,3.31,1.71,0.46,36.86,90.5124
551,40.38,Morning,Weekday,1.0,Medium,Rain,NA,0.8,0.23,115.21,63.432300000000005
552,44.67,Afternoon,Weekend,2.0,Medium,Rain,4.55,1.12,0.46,14.16,61.09400000000001
553,12.88,Morning,Weekday,4.0,Medium,Rain,4.81,0.76,0.18,98.13,32.2622
554,10.6,Afternoon,Weekday,3.0,Medium,Clear,4.21,NA,0.3,73.28,32.342
555,22.6,Afternoon,Weekday,1.0,Medium,Clear,3.41,1.77,0.28,27.31,51.058800000000005
556,31.58,Night,Weekend,1.0,Medium,Rain,4.57,0.88,0.24,91.7,54.3684
557,4.4,Morning,Weekend,2.0,Low,Rain,3.77,1.94,0.1,45.28,16.834
558,139.06223019422194,Afternoon,Weekday,2.0,Low,Rain,2.8,1.82,0.14,50.83,276.84059674137075
559,16.27,Morning,Weekday,1.0,Low,Clear,2.34,NA,0.41,97.35,64.05529999999999
560,31.67,Morning,Weekday,1.0,Low,Clear,3.52,NA,0.11,10.16,23.9563
561,18.11,Evening,NA,2.0,Low,Rain,2.93,1.61,0.37,74.66,59.7113
562,22.85,Morning,Weekend,3.0,Medium,Clear,4.34,NA,0.23,29.69,45.44370000000001
563,25.42,Evening,Weekday,4.0,Low,Snow,2.73,1.03,0.41,49.45,49.1871
564,20.23,Afternoon,Weekend,NA,Low,Clear,3.93,1.42,0.38,7.17,35.3812
565,26.4,Afternoon,Weekday,4.0,Low,Clear,2.52,NA,0.39,108.34,NA
566,19.16,Afternoon,Weekend,2.0,Low,Clear,4.64,0.57,NA,111.87,34.5791
567,49.14,Afternoon,Weekday,3.0,High,Rain,3.58,1.21,0.22,27.99,69.1972
568,36.58,Evening,Weekend,4.0,NA,Rain,3.13,1.15,0.15,83.96,57.791
569,24.2,Afternoon,Weekday,1.0,Low,Snow,2.43,0.75,0.28,103.17,49.4676
570,36.23,Morning,Weekend,4.0,NA,Rain,3.61,NA,0.27,NA,97.1094
571,14.65,Evening,Weekend,2.0,High,Clear,3.74,1.79,NA,29.58,40.020700000000005
572,12.17,Afternoon,Weekend,4.0,Low,Rain,2.15,1.73,0.31,7.35,25.4826
573,29.59,Afternoon,Weekend,4.0,High,Snow,4.6,1.32,0.28,75.26,64.73160000000001
574,48.51,Evening,Weekday,3.0,High,Rain,NA,1.0,0.48,110.18,104.1764
575,8.98,Evening,NA,2.0,High,Clear,4.59,1.67,0.22,84.33,38.1392
576,27.54,Afternoon,Weekend,1.0,Low,Clear,4.3,0.96,0.49,102.08,80.7576
577,NA,Afternoon,Weekend,4.0,Medium,Rain,2.98,1.24,0.28,36.68,44.7092
578,NA,Afternoon,Weekday,3.0,High,Clear,4.37,0.8,0.49,18.39,14.6611
579,37.97,Evening,Weekday,2.0,High,Rain,3.6,1.13,0.45,113.49,97.57659999999998
580,19.08,Afternoon,Weekend,4.0,Medium,Clear,4.36,1.22,0.1,115.6,39.1976
581,27.91,Morning,Weekend,3.0,Low,Clear,4.53,1.22,0.24,NA,42.0962
582,15.27,Morning,NA,NA,Low,Clear,3.93,0.73,0.12,NA,27.3543
583,6.55,Morning,Weekend,3.0,Medium,Rain,4.43,0.55,0.3,45.41,21.6555
584,8.51,Morning,NA,4.0,Medium,Clear,2.43,1.58,0.49,63.88,47.177
585,23.09,Morning,Weekday,3.0,High,Rain,3.58,1.68,NA,23.94,48.835
586,1.53,Evening,Weekday,1.0,Low,Clear,4.33,1.7,0.42,77.3,NA
587,13.12,Afternoon,Weekday,3.0,Medium,Snow,4.62,1.17,0.44,102.3,64.9824
588,10.04,Afternoon,Weekend,NA,Low,Clear,2.16,1.86,0.22,107.25,44.4294
589,34.53,Morning,Weekday,3.0,Medium,Clear,3.58,NA,0.26,59.14,60.0471
590,9.54,Afternoon,Weekend,1.0,NA,Rain,2.1,1.79,0.33,42.43,33.1785
591,46.49,Afternoon,Weekday,3.0,Low,Clear,4.08,1.99,0.34,63.05,118.0321
592,37.14,Evening,Weekday,3.0,Low,Clear,3.4,0.78,0.45,43.84,52.0972
593,8.87,Night,Weekday,3.0,Low,Clear,4.96,1.19,0.37,24.8,24.6913
594,7.82,Night,Weekend,2.0,Low,Rain,3.2,0.98,0.27,93.64,36.1464
595,28.68,Evening,Weekday,2.0,Medium,Rain,4.84,NA,0.12,103.25,40.174
596,49.3,Afternoon,Weekday,2.0,Low,Clear,2.38,0.86,0.4,47.72,63.866
597,100.38042000901908,Afternoon,Weekday,3.0,Medium,Rain,4.46,NA,NA,89.21,329.9130039401465
598,9.67,Morning,Weekend,4.0,Medium,Clear,2.96,1.94,0.26,42.3,32.7178
599,18.06,Afternoon,Weekend,3.0,High,Clear,2.72,0.77,0.33,20.16,23.279
600,25.63,Morning,Weekday,3.0,Medium,Rain,4.22,1.3,0.26,85.95,59.886
601,26.71,Afternoon,Weekend,4.0,Low,Rain,4.3,1.59,0.2,111.18,69.0049
602,43.18,Afternoon,Weekday,3.0,High,Clear,3.03,1.54,NA,104.17,98.6948
603,33.35,Evening,Weekday,1.0,High,Clear,4.13,1.96,0.26,19.63,74.59979999999999
604,28.28,Afternoon,Weekday,2.0,Low,Rain,3.15,1.17,0.4,103.28,77.5496
605,18.79,Afternoon,Weekend,3.0,High,Rain,4.17,1.19,0.25,74.57,45.1726
606,15.15,Afternoon,Weekend,2.0,NA,Clear,4.43,1.06,0.5,98.52,69.749
607,5.56,Morning,Weekday,4.0,High,Clear,NA,1.69,0.13,54.22,19.145
608,43.7,NA,Weekday,3.0,Low,Clear,4.52,1.59,0.28,114.29,106.0042
609,138.76388715029725,Night,Weekday,2.0,High,Clear,3.98,1.71,0.39,74.32,332.0436886774302
610,11.11,Morning,Weekday,1.0,NA,NA,3.48,0.54,0.18,21.64,13.3746
611,17.71,Night,Weekday,4.0,Medium,Clear,2.71,1.48,0.48,6.06,31.829600000000003
612,27.04,Night,Weekday,2.0,High,Clear,2.3,0.67,0.15,NA,25.6218
613,39.64,Afternoon,Weekday,4.0,Medium,Rain,2.65,1.17,0.42,19.92,57.3952
614,24.11,Evening,NA,2.0,Medium,Clear,3.2,0.9,0.11,12.4,26.263
615,37.31,Morning,Weekday,2.0,High,Clear,3.1,0.95,0.46,35.63,54.9343
616,28.28,Evening,Weekday,2.0,Medium,Rain,4.41,1.88,0.16,87.9,71.6404
617,30.25,Evening,Weekend,2.0,Medium,Clear,2.38,1.17,0.48,17.18,46.0189
618,40.72,Evening,Weekday,2.0,High,Clear,3.64,0.62,0.35,98.49,63.3579
619,36.68,Morning,Weekday,4.0,Low,Clear,2.58,1.11,0.39,108.41,85.5747
620,33.46,Afternoon,Weekend,2.0,Low,Rain,2.23,0.63,0.12,64.07,30.9982
621,19.6,Morning,Weekday,3.0,Medium,Clear,4.82,1.4,NA,63.47,48.127500000000005
622,38.32,Evening,Weekday,1.0,Medium,Clear,4.58,0.98,0.37,28.41,52.6453
623,37.75,Evening,Weekday,2.0,Medium,Snow,3.55,0.56,0.12,44.99,30.0888
624,1.81,Night,Weekday,1.0,Low,Rain,2.86,1.71,0.32,20.63,12.5567
625,15.91,Morning,Weekday,4.0,Low,Clear,4.42,1.77,0.21,114.93,56.716
626,21.49,Evening,Weekend,4.0,Low,Rain,4.45,1.71,0.28,47.2,54.4139
627,27.79,Evening,Weekday,2.0,Low,Clear,2.77,0.72,0.43,49.63,44.1197
628,46.9,Evening,Weekday,4.0,High,Clear,4.47,0.56,0.21,84.34,48.44540000000001
629,14.43,Morning,Weekday,4.0,High,Clear,2.81,1.46,0.21,24.69,29.0627
630,2.29,Morning,Weekend,1.0,Low,Clear,4.26,1.8,0.41,13.54,13.9334
631,9.59,Afternoon,Weekend,2.0,High,Clear,3.29,0.9,0.38,21.83,20.2164
632,31.84,Evening,Weekday,3.0,High,Snow,3.94,0.79,0.18,91.81,45.6194
633,5.61,NA,Weekday,1.0,High,Clear,2.32,0.97,0.11,NA,16.6464
634,7.09,Night,Weekend,2.0,NA,Clear,NA,1.91,0.22,102.35,39.1789
635,33.29,Afternoon,Weekday,3.0,High,Clear,4.48,1.1,0.19,52.09,50.996100000000006
636,130.80900130744172,Afternoon,Weekday,1.0,High,Clear,3.93,0.63,0.16,88.31,328.8717691378544
637,10.78,Evening,NA,3.0,High,Rain,3.92,0.54,0.33,56.07,28.2443
638,21.52,Night,Weekend,3.0,High,Rain,4.72,1.81,0.48,103.83,93.5096
639,41.27,Evening,Weekday,1.0,Low,Clear,2.64,1.65,0.33,107.76,106.2963
640,33.59,Morning,Weekday,4.0,Medium,Clear,4.99,1.16,0.15,77.02,55.5074
641,47.13,Evening,Weekday,4.0,Low,Clear,4.15,1.3,0.23,6.47,66.90710000000001
642,31.93,Afternoon,Weekday,1.0,Medium,Clear,4.77,1.71,0.32,37.67,71.4247
643,5.79,Evening,Weekday,4.0,Low,Clear,4.63,1.83,0.24,107.07,40.9225
644,18.43,Afternoon,Weekend,2.0,Low,Clear,2.17,1.08,0.2,114.78,45.03040000000001
645,4.49,Morning,Weekday,3.0,Low,Clear,3.25,1.78,0.31,111.33,45.75449999999999
646,48.2,NA,Weekday,3.0,Low,Clear,4.48,1.21,0.46,12.68,68.63480000000001
647,15.56,Afternoon,Weekday,2.0,NA,Rain,2.21,1.48,NA,109.57,59.2055
648,4.29,Morning,NA,3.0,Medium,Rain,2.02,0.99,0.43,17.92,13.9727
649,4.11,Afternoon,Weekend,4.0,Low,Snow,2.27,1.9,0.37,112.28,51.6226
650,33.51,Afternoon,Weekend,4.0,Low,Rain,3.94,1.09,0.32,67.27,61.9923
651,17.61,Morning,Weekday,1.0,Low,Clear,4.26,1.34,0.47,64.68,58.257000000000005
652,11.05,Night,Weekday,4.0,Medium,Clear,4.76,0.75,0.18,14.0,15.5675
653,20.64,Night,Weekday,3.0,Low,Clear,3.37,1.22,0.31,37.76,40.2564
654,40.88,Afternoon,Weekend,4.0,Low,Clear,NA,1.65,0.47,55.15,97.2125
655,24.33,Morning,Weekday,3.0,High,Clear,4.3,1.0,0.11,46.42,33.7362
656,NA,Night,Weekday,3.0,Low,Clear,2.11,0.82,0.4,85.0,45.9582
657,13.65,Afternoon,Weekday,2.0,Low,Clear,3.07,1.61,0.29,NA,NA
658,28.75,Afternoon,Weekend,2.0,High,Rain,4.8,1.42,0.22,63.9,59.68299999999999
659,32.04,NA,Weekday,4.0,Low,Clear,4.44,1.02,0.41,9.1,40.8518
660,13.71,Afternoon,Weekday,3.0,Low,Clear,3.54,0.76,0.3,27.87,22.3206
661,8.1,Afternoon,Weekend,1.0,High,Clear,2.62,0.98,0.13,31.19,14.6127
662,8.47,Evening,Weekend,2.0,High,Clear,3.33,1.15,0.2,61.93,25.4565
663,NA,Morning,Weekday,3.0,Medium,Clear,2.65,1.35,NA,25.61,55.3348
664,39.91,Evening,Weekday,4.0,Medium,Clear,3.65,1.33,0.44,42.63,75.4875
665,NA,Morning,Weekday,2.0,Low,Clear,4.01,1.65,0.17,109.77,37.355900000000005
666,48.68,Afternoon,Weekday,4.0,Low,Rain,2.59,1.01,0.14,51.44,58.9584
667,38.71,Afternoon,Weekday,2.0,Medium,Rain,2.41,1.25,0.31,114.7,86.3545
668,25.92,Night,Weekday,3.0,Low,Clear,3.97,1.71,0.46,22.79,58.7766
669,39.69,Afternoon,Weekday,3.0,Medium,Rain,4.9,0.57,0.38,NA,31.0915
670,37.87,Night,Weekday,1.0,High,Clear,3.76,NA,0.26,70.65,64.5434
671,6.73,Afternoon,Weekday,4.0,Low,Clear,3.39,1.78,0.47,9.87,20.0083
672,4.72,NA,Weekday,1.0,Low,Rain,4.28,1.48,0.48,50.89,35.6928
673,35.0,Morning,Weekday,2.0,Low,Snow,4.48,1.36,0.23,53.07,64.2861
674,4.93,Evening,Weekend,1.0,Medium,Clear,2.16,1.07,0.29,8.67,9.9494
675,27.43,Morning,Weekend,4.0,Low,Rain,2.58,1.59,0.28,23.53,52.7821
676,44.85,Evening,Weekend,1.0,Medium,Rain,3.83,0.51,0.29,52.52,41.9343
677,12.74,Evening,Weekday,4.0,Low,Rain,4.03,1.8,0.16,52.47,35.357200000000006
678,41.5,Evening,Weekday,3.0,Low,Clear,3.13,1.47,0.42,91.88,102.72459999999998
679,1.54,Afternoon,Weekday,3.0,High,Clear,3.62,1.56,0.38,10.13,9.8718
680,33.51,Afternoon,Weekend,3.0,Low,Clear,2.31,1.32,0.4,62.87,NA
681,32.65,Afternoon,Weekday,1.0,High,Clear,2.41,0.97,0.26,80.84,NA
682,48.09,Afternoon,Weekend,1.0,High,Clear,4.47,1.23,0.29,92.6,90.4747
683,13.18,Morning,Weekday,4.0,Medium,Clear,2.47,1.5,0.4,84.05,55.86
684,30.45,Morning,Weekday,3.0,High,Clear,2.77,1.78,0.34,110.33,NA
685,46.35,Morning,Weekday,1.0,Medium,Clear,3.1,0.95,0.24,89.15,68.52850000000001
686,15.93,Afternoon,Weekday,2.0,Low,NA,2.44,1.5,0.42,20.67,35.016400000000004
687,21.79,Evening,Weekday,2.0,High,Clear,4.37,1.17,0.34,5.61,31.7717
688,27.32,Afternoon,NA,2.0,Low,Clear,3.62,0.66,0.43,62.17,48.3843
689,16.53,Morning,Weekend,4.0,Medium,Clear,4.34,0.63,0.27,24.96,21.4931
690,32.23,Afternoon,Weekday,3.0,High,Clear,4.45,1.2,0.23,119.08,70.5144
691,19.81,Morning,Weekday,3.0,Low,Rain,2.5,1.5,0.19,61.26,43.8544
692,39.4,NA,Weekend,2.0,Medium,Rain,2.92,1.15,0.27,91.44,72.9188
693,24.74,Night,Weekend,3.0,High,Clear,5.0,1.82,0.36,107.93,88.8816
694,33.59,Afternoon,Weekday,1.0,Low,Rain,3.66,0.57,0.42,111.71,69.7245
695,42.93,Afternoon,Weekday,2.0,Medium,Clear,3.24,0.54,0.14,119.84,43.19980000000001
696,7.86,Afternoon,NA,3.0,Medium,Rain,4.82,0.75,0.26,NA,NA
697,2.93,Evening,Weekend,2.0,Medium,Snow,4.93,1.58,0.3,113.48,43.60339999999999
698,11.58,Morning,Weekday,3.0,Low,Rain,4.93,0.97,0.17,63.28,26.9202
699,31.96,Afternoon,Weekday,3.0,High,Clear,3.55,0.94,NA,14.64,35.0564
700,45.51,Evening,Weekday,1.0,Medium,Clear,4.23,0.63,0.13,27.65,36.4958
701,23.64,Morning,Weekend,1.0,Low,Clear,4.9,1.92,0.13,51.47,NA
702,1.98,Afternoon,Weekday,3.0,Low,Clear,3.4,1.92,0.15,51.56,NA
703,12.92,Night,Weekend,2.0,Low,Rain,3.69,1.14,0.14,NA,NA
704,26.49,Night,Weekday,1.0,High,Clear,3.54,1.82,0.15,99.2,66.6318
705,32.98,Morning,Weekday,3.0,High,Clear,3.67,0.64,0.49,109.94,78.64779999999999
706,47.57,Afternoon,Weekday,NA,Low,Rain,4.0,0.74,0.42,99.07,80.81119999999999
707,25.63,Afternoon,Weekday,3.0,Medium,Clear,4.21,NA,0.18,15.48,54.1556
708,30.87,Evening,Weekday,4.0,Medium,Clear,2.08,1.85,0.31,55.61,76.4286
709,46.98,Morning,Weekend,4.0,Low,Clear,4.4,1.92,0.45,15.7,101.6666
710,41.91,Afternoon,Weekday,2.0,Medium,Clear,4.82,1.19,0.34,26.72,63.7777
711,19.47,NA,Weekday,2.0,Low,Clear,4.68,1.15,0.16,84.35,40.56649999999999
712,28.97,Afternoon,Weekday,3.0,Medium,Clear,4.51,1.37,0.41,51.21,65.195
713,19.36,Night,Weekday,1.0,Medium,Rain,2.96,1.4,0.15,55.49,38.3875
714,29.59,Afternoon,Weekday,3.0,Medium,Rain,4.32,1.46,0.29,6.34,49.36
715,37.16,Afternoon,Weekend,2.0,Low,NA,3.08,1.72,0.44,39.71,84.4676
716,41.04,Afternoon,Weekend,1.0,High,Clear,3.5,1.06,0.4,41.3,63.522400000000005
717,6.39,Evening,Weekday,4.0,High,Clear,4.28,1.31,0.38,102.57,51.6275
718,45.0,Evening,Weekend,3.0,High,Clear,3.71,1.32,0.32,28.19,72.13080000000001
719,25.67,Morning,Weekend,3.0,High,NA,2.59,1.82,0.4,30.6,61.54940000000001
720,15.74,Afternoon,Weekday,2.0,NA,Clear,3.05,1.84,0.21,35.48,39.4624
721,9.15,Afternoon,Weekday,2.0,Medium,Snow,2.12,0.84,0.48,81.26,48.8108
722,NA,Night,Weekend,3.0,Medium,Clear,3.22,1.03,0.38,72.79,77.18900000000001
723,34.83,Afternoon,Weekday,3.0,Medium,Snow,4.83,1.12,0.41,87.5,79.71459999999999
724,39.99,Afternoon,Weekday,2.0,High,Clear,2.71,0.58,0.31,43.98,39.538
725,18.65,Afternoon,Weekday,1.0,Medium,Clear,4.75,0.98,0.36,87.41,54.49459999999999
726,6.05,Morning,Weekday,3.0,Medium,Clear,3.89,0.84,0.33,46.98,24.4754
727,16.58,Evening,NA,2.0,Low,Clear,4.46,1.23,0.16,62.79,NA
728,43.99,Night,Weekday,2.0,Low,Clear,2.64,0.96,0.29,74.71,66.5363
729,8.92,Morning,Weekday,3.0,Low,Clear,3.69,1.07,0.36,42.14,28.4048
730,NA,Morning,Weekday,2.0,Low,Rain,2.72,1.25,0.24,49.77,59.1773
731,21.98,Morning,Weekday,1.0,Medium,Clear,4.02,1.52,0.17,22.2,41.2036
732,22.97,Night,Weekend,2.0,Low,Rain,2.25,0.76,0.2,60.53,31.8132
733,49.24,Afternoon,Weekday,2.0,Medium,Clear,4.64,0.79,0.13,85.63,54.67150000000001
734,28.92,Afternoon,Weekend,1.0,Medium,Clear,3.5,0.62,0.11,10.15,22.5469
735,41.05,Night,NA,2.0,High,Snow,2.99,1.5,0.1,31.71,67.736
736,126.54762829842768,Afternoon,Weekend,1.0,Low,NA,4.23,0.85,0.28,29.3,224.9146628555729
737,12.67,Morning,Weekday,1.0,Low,Snow,NA,1.96,0.23,35.59,37.2489
738,26.03,Morning,Weekday,2.0,Medium,Clear,2.27,1.55,0.4,83.98,76.20850000000002
739,12.88,Morning,Weekend,2.0,Low,Clear,4.8,1.44,0.49,42.13,43.9909
740,25.76,Morning,Weekday,3.0,High,Clear,2.39,0.56,0.21,94.76,36.7152
741,9.9,Afternoon,Weekend,3.0,Medium,Clear,2.62,0.81,0.34,102.33,45.4312
742,NA,Afternoon,Weekday,1.0,Medium,Clear,3.05,0.98,0.24,NA,19.0904
743,43.98,Evening,Weekend,4.0,Low,Clear,4.53,1.21,0.32,47.22,72.8562
744,21.06,Afternoon,Weekend,3.0,Medium,Clear,3.19,1.74,0.28,17.7,44.7904
745,42.61,Morning,Weekday,3.0,Low,Rain,2.43,0.94,0.49,62.01,72.86829999999999
746,NA,Evening,Weekday,4.0,Low,Clear,3.08,0.7,0.38,27.81,25.3938
747,22.37,Evening,Weekday,3.0,Medium,Clear,3.27,1.32,0.12,13.15,34.376400000000004
748,31.76,Morning,Weekday,3.0,Low,Clear,3.01,0.9,0.1,33.58,34.952
749,46.78,Afternoon,Weekend,3.0,Medium,Clear,3.13,1.75,0.17,34.03,90.7801
750,7.87,Afternoon,Weekday,2.0,Low,Clear,3.52,1.57,0.16,64.51,26.1975
751,31.29,Morning,Weekday,3.0,Medium,Rain,4.41,NA,0.21,50.19,NA
752,2.24,Evening,Weekend,3.0,Medium,Clear,2.63,0.68,0.33,13.69,8.6709
753,8.43,Afternoon,Weekday,4.0,Low,Clear,2.36,0.88,0.13,57.18,NA
754,14.82,Evening,Weekday,4.0,High,Clear,3.7,0.81,0.18,88.36,31.609
755,36.9,Morning,Weekend,4.0,Low,Clear,3.94,1.81,0.28,106.66,100.5938
756,36.56,Evening,Weekend,3.0,Low,Clear,2.76,0.81,0.12,NA,40.9716
757,116.196063616616,Afternoon,Weekend,4.0,Medium,Clear,2.2,0.85,0.25,19.63,206.69956969976877
758,17.42,Afternoon,Weekday,4.0,Medium,Clear,2.09,1.92,0.3,88.42,62.0624
759,49.35,Morning,Weekday,2.0,NA,Clear,2.7,1.8,0.36,49.86,109.4796
760,29.6,Afternoon,Weekday,2.0,Low,Clear,3.51,1.5,0.18,24.02,52.2336
761,46.56,Morning,Weekday,3.0,Low,Clear,4.46,0.87,0.46,119.21,99.8038
762,21.85,Afternoon,Weekday,3.0,High,Rain,3.93,1.23,0.26,6.8,32.5735
763,29.27,Morning,Weekend,4.0,Medium,Rain,3.97,1.9,0.1,33.99,62.982
764,47.36,Evening,Weekday,1.0,NA,Clear,NA,1.85,0.15,71.86,102.885
765,18.85,NA,Weekday,3.0,Low,Clear,2.25,0.87,0.3,98.29,48.1365
766,44.94,Evening,NA,2.0,High,Clear,NA,1.83,0.42,103.37,129.5356
767,34.47,Afternoon,Weekday,1.0,High,Clear,4.49,1.01,0.46,5.5,41.834700000000005
768,38.77,Evening,Weekday,1.0,Medium,Clear,3.45,0.71,0.2,38.49,38.6747
769,9.72,Afternoon,Weekend,2.0,High,Clear,3.95,1.54,0.17,101.99,36.2571
770,25.13,Morning,Weekend,4.0,Medium,Rain,3.61,1.02,0.42,57.23,53.2792
771,45.51,Evening,Weekday,4.0,Medium,Rain,3.71,1.26,0.44,89.21,100.305
772,6.49,Morning,Weekday,3.0,Medium,NA,3.68,NA,0.19,31.66,NA
773,9.49,Evening,NA,3.0,High,Rain,3.74,1.9,0.48,46.08,43.8894
774,39.67,Evening,Weekday,1.0,Medium,Clear,3.88,1.16,0.23,52.06,61.871
775,104.37179088913676,NA,Weekday,1.0,Low,Rain,3.22,1.12,0.45,89.21,206.50865196831717
776,1.64,Afternoon,Weekday,3.0,Low,Clear,3.32,1.53,0.44,61.16,32.7396
777,34.39,NA,Weekday,4.0,Low,Clear,2.15,1.69,0.16,72.05,71.7971
778,47.07,Morning,Weekday,4.0,Medium,Rain,2.06,1.86,0.15,71.04,100.2662
779,28.93,Morning,Weekday,2.0,Medium,Clear,3.31,2.0,0.46,29.14,74.5744
780,12.38,Afternoon,Weekday,2.0,Medium,Rain,4.27,0.93,0.23,61.64,29.9606
781,37.63,Afternoon,Weekday,2.0,High,Clear,2.9,0.92,NA,74.12,72.356
782,26.07,Afternoon,Weekday,1.0,Medium,Clear,3.62,1.51,0.49,64.89,NA
783,NA,Afternoon,Weekday,1.0,Low,Clear,3.79,1.25,0.45,40.52,46.274
784,42.4,Afternoon,NA,4.0,Low,NA,4.6,0.79,0.36,15.91,43.823600000000006
785,37.02,Afternoon,Weekday,4.0,High,NA,3.44,1.91,0.14,NA,87.89620000000001
786,13.99,Afternoon,Weekday,4.0,NA,Clear,2.39,1.39,0.46,104.56,69.9337
787,45.81,Evening,Weekday,2.0,High,Clear,NA,1.41,0.28,26.73,75.03649999999999
788,43.62,Morning,Weekday,NA,High,Clear,2.83,0.6,0.26,68.86,46.90559999999999
789,3.11,Evening,Weekend,3.0,Low,Clear,4.42,0.59,0.16,36.62,12.1141
790,3.22,Afternoon,Weekday,1.0,Medium,Clear,4.21,1.17,0.3,80.58,32.151399999999995
791,8.97,Afternoon,Weekday,1.0,Low,Clear,4.89,1.07,0.25,44.17,25.5304
792,19.49,Night,Weekend,4.0,Medium,Rain,4.41,0.69,0.22,76.0,34.5781
793,22.31,Afternoon,Weekday,2.0,Low,Clear,3.15,1.94,0.31,26.43,54.6247
794,32.04,Afternoon,Weekend,3.0,Low,Clear,NA,1.5,0.22,54.73,62.9006
795,44.74,Morning,NA,NA,Medium,Rain,4.67,0.83,0.18,51.82,51.1318
796,37.66,Evening,Weekday,4.0,Medium,Clear,4.02,1.36,0.31,104.15,87.5241
797,10.34,Morning,Weekday,1.0,Medium,Clear,4.91,1.64,NA,95.63,43.8625
798,30.73,Morning,Weekend,3.0,Medium,Rain,4.33,1.83,0.19,63.09,72.553
799,44.64,Evening,Weekday,1.0,Medium,Rain,2.5,1.58,0.11,52.27,78.7809
800,NA,Morning,Weekend,4.0,Medium,Clear,2.82,1.18,0.42,91.53,47.375
