Ticker,Model,Static_MAPE,Static_Coverage,Rolling_MAPE,Rolling_Coverage
MSFT,Model_A_RBF,13.085715161867936,0.8269230769230769,3.062512780246298,0.8738738738738738
MSFT,Model_B_Matern,8.825390502035022,1.0,2.5482076777753786,0.8783783783783784
MSFT,Model_C_Structural,7.916338505107018,1.0,1.9915813373407583,0.8873873873873874
MSFT,Model_D_QuasiPeriodic,5.494973970985505,1.0,2.1643187260009893,0.8288288288288288
ORCL,Model_A_RBF,8.930984239486685,0.7307692307692307,2.5239865608027197,0.8333333333333334
ORCL,Model_B_Matern,6.433268487591694,0.7884615384615384,2.0969022599014178,0.8558558558558559
ORCL,Model_C_Structural,5.9430846485637,0.8076923076923077,1.6772766107562207,0.8693693693693694
ORCL,Model_D_QuasiPeriodic,4.075487497847742,0.8076923076923077,1.7886213883373974,0.7882882882882883
SBUX,Model_A_RBF,18.45542261567107,0.3076923076923077,3.3610703895691705,0.8333333333333334
SBUX,Model_B_Matern,16.66395698509853,0.3076923076923077,2.475476491368788,0.8603603603603603
SBUX,Model_C_Structural,15.233048415234702,0.40384615384615385,2.1490643725337573,0.8873873873873874
SBUX,Model_D_QuasiPeriodic,12.917480344380817,0.3076923076923077,2.2313310405614892,0.8468468468468469
EA,Model_A_RBF,6.338916461824243,1.0,2.9298840180940613,0.8513513513513513
EA,Model_B_Matern,6.621251329611116,1.0,2.2630138594571436,0.8783783783783784
EA,Model_C_Structural,6.887004122661889,1.0,1.8327233208538642,0.9009009009009009
EA,Model_D_QuasiPeriodic,6.65908451025928,1.0,1.9269495762383015,0.8243243243243243
ADBE,Model_A_RBF,16.39964240176946,0.8076923076923077,3.508412921438985,0.8648648648648649
ADBE,Model_B_Matern,10.053104574015387,1.0,2.8760545069174492,0.8693693693693694
ADBE,Model_C_Structural,5.602946496830278,1.0,2.279270291299832,0.8963963963963963
ADBE,Model_D_QuasiPeriodic,4.8291224182860875,1.0,2.4353994979635996,0.8288288288288288
