Ticker,Kernel,RMSE,MAE,MAPE,Coverage
MSFT,Model_A_RBF,6.943180866393884,5.159914008345247,2.9669744426016456,0.8412698412698413
MSFT,Model_B_Matern,5.778316016560834,4.199260490339481,2.4261106770371765,0.8412698412698413
MSFT,Model_C_Structural,4.522091187655482,3.378452404403195,1.918340829539184,0.8531746031746031
MSFT,Model_D_QuasiPeriodic,4.816629511089287,3.654130886110669,2.0633022508628627,0.8095238095238095
ORCL,Model_A_RBF,1.6797477006237176,1.1428966144458186,2.3300303141098837,0.8492063492063492
ORCL,Model_B_Matern,1.4610093168015807,0.9405311077072208,1.9428817019850022,0.8690476190476191
ORCL,Model_C_Structural,1.1243641150772359,0.7678738870328387,1.5711788181083783,0.873015873015873
ORCL,Model_D_QuasiPeriodic,1.1782986035164318,0.8245778033261993,1.679092894932872,0.7896825396825397
SBUX,Model_A_RBF,3.1316792874624104,2.14434224363085,3.118284989219595,0.8293650793650794
SBUX,Model_B_Matern,2.3428982522246957,1.5809511718383844,2.3232853022634123,0.8531746031746031
SBUX,Model_C_Structural,1.9247976421142317,1.395486464777336,2.027262885636061,0.8809523809523809
SBUX,Model_D_QuasiPeriodic,2.040462877361411,1.4522830742592305,2.1040116698903795,0.8452380952380952
EA,Model_A_RBF,4.143027638520299,3.165877013272653,2.7457821130663373,0.8571428571428571
EA,Model_B_Matern,3.199246793710333,2.393881070476705,2.1019138828751185,0.873015873015873
EA,Model_C_Structural,2.6439692643695283,1.9875293221471104,1.7284175466290914,0.8888888888888888
EA,Model_D_QuasiPeriodic,2.818117951287046,2.102218252311162,1.8215423746462616,0.8134920634920635
ADBE,Model_A_RBF,17.206128671924578,13.102422999259705,3.3114614496543453,0.8571428571428571
ADBE,Model_B_Matern,14.086186041649617,10.365734278430047,2.639290074717735,0.873015873015873
ADBE,Model_C_Structural,11.464689600270743,8.449494134563405,2.1116098682484905,0.8968253968253969
ADBE,Model_D_QuasiPeriodic,12.408211075077869,9.071124714109427,2.251996641424431,0.8373015873015873
